Song,Artist,Album,Date Added,,,
Hello Hello (Radio Mix),Alvar & Millas Dominique Fricot,Hello Hello,2016-06-13T07:06:44Z,,,
Hymn For The Weekend,Coldplay,A Head Full Of Dreams,2016-06-13T07:06:44Z,,,
Arcade Disc,Mord Fustang,Arcade Disc,2016-06-13T07:06:44Z,,,
Badman - Torro Torro Remix,Autoerotique Max Styler,Badman (Remixes),2016-06-13T07:06:44Z,,,
Louder,Mike Hawkins,Louder,2016-06-13T07:06:44Z,,,
NeverLand,Zayion McCall,Cold War,2016-06-13T07:06:44Z,,,
Fionnghuala (Remix) [Super Céilí vs. Symphonic],Super Céilí Symphonic,Fionnghuala (Remix) [Super Céilí vs. Symphonic],2016-06-13T07:06:44Z,,,
Ain't No Saint,Peg Parnevik,Ain't No Saint,2016-06-13T07:06:44Z,,,
Holla Out,Edm Vibes,Good Vibes,2016-06-13T07:06:44Z,,,
Let You Know - Sam World Remix,Sketchy Bongo Shekhinah Sam World,Let You Know (Sam World Remix),2016-06-13T07:06:44Z,,,
Billie Jean,EDEN,Billie Jean,2016-06-13T07:06:44Z,,,
Summer Vibe,L.B. One Simon Erics,Middle of Nowhere,2016-06-13T07:06:44Z,,,
Rock Bottom,Hailee Steinfeld DNCE,HAIZ,2016-06-13T07:06:44Z,,,
On My Mind,Ellie Goulding,Delirium (Deluxe),2016-06-13T07:06:44Z,,,
See Me Now (For What It's Worth) (Candlelight Edit),Mark With a K,See Me Now (For What It's Worth) (Candlelight Edit),2016-06-13T07:06:44Z,,,
Help Our Souls (Urban Contact Radio Edit),NIHILS,Help Our Souls (Urban Contact Radio Edit),2016-06-13T07:06:44Z,,,
Walk (feat. Fetty Wap),Kwabs Fetty Wap,Love + War,2016-06-13T07:06:44Z,,,
Longing,Olle Headman,Longing,2016-06-13T07:06:44Z,,,
Rise Up 2016 Life In Color Anthem,David Solano Bitter's Kiss,Rise Up 2016 Life In Color Anthem,2016-06-13T07:06:44Z,,,
Style / Lean On,Mike Tompkins,Season One,2016-06-13T07:06:44Z,,,
Can't Keep My Cool,Underline Prince Prime,Can't Keep My Cool,2016-06-13T07:06:44Z,,,
Take Me Home - Tiësto Remix,Jess Glynne Tiësto,Take Me Home (Tiësto Remix),2016-06-13T07:06:44Z,,,
Take On Me (Kygo Remix),a-ha,Time And Again: The Ultimate a-ha,2016-06-13T07:06:44Z,,,
From Here,Matt Nash,From Here,2016-06-13T07:06:44Z,,,
I Dont Like It I Love It,I U 1 D C,I Dont Like It I Love It,2016-06-13T07:06:44Z,,,
Crossfit,Sloth Punch,Crossfit,2016-06-13T07:06:44Z,,,
Where Are Ü Now LIVE (with Justin Bieber),Skrillex Diplo Justin Bieber,Where Are Ü Now LIVE (with Justin Bieber),2016-06-13T07:06:44Z,,,
You Lift Me Up,Mikey Wax,Mikey Wax,2016-06-13T07:06:44Z,,,
Can't Get My Head Around Loving You - Acoustic Version,David Benjamin,David Benjamin EP (#3),2016-06-13T07:06:44Z,,,
I See Fire,Petronix,Baby Now We Got Beats,2016-06-13T07:06:44Z,,,
"Can't Stop the Feeling! (Original Song from DreamWorks Animation ""TROLLS"")",Justin Timberlake,"Can't Stop the Feeling! (Original Song from DreamWorks Animation ""TROLLS"")",2016-06-17T13:36:10Z,,,
Cheap Thrills,Sia Sean Paul,Cheap Thrills,2016-06-17T13:36:10Z,,,
This One's For You (feat. Zara Larsson) - Official Song UEFA EURO 2016,David Guetta Zara Larsson,This One's For You (feat. Zara Larsson) [Official Song UEFA EURO 2016],2016-06-17T13:36:10Z,,,
False Alarm,Matoma Becky Hill,False Alarm,2016-06-24T04:49:33Z,,,
Tears (feat. Louisa Johnson),Clean Bandit Louisa Johnson,Tears (feat. Louisa Johnson),2016-06-17T13:36:10Z,,,
No Money,Galantis,No Money,2016-06-17T13:36:10Z,,,
Golden Light - feat. 6AM,Madden 6AM,Golden Light (feat. 6AM),2016-06-17T13:36:10Z,,,
Work from Home,Fifth Harmony Ty Dolla $ign,7/27 (Deluxe),2016-06-17T13:36:10Z,,,
Nobody Does It Better,Michael Calfan,Nobody Does It Better,2016-06-17T13:36:10Z,,,
Cake By The Ocean,DNCE,SWAAY,2016-06-17T13:36:10Z,,,
Hymn For The Weekend - Seeb Remix,Coldplay Seeb,Hymn For The Weekend (Seeb Remix),2016-06-17T13:36:10Z,,,
Say You Do - Radio Edit,Sigala Imani DJ Fresh,Say You Do (feat. Imani & DJ Fresh) [Radio Edit],2016-06-17T13:36:10Z,,,
"Don't You Need Somebody (feat. Enrique Iglesias, R. City, Serayah & Shaggy)",RedOne Serayah Enrique Iglesias R. City Shaggy,"Don't You Need Somebody (feat. Enrique Iglesias, R. City, Serayah & Shaggy)",2016-06-17T13:36:10Z,,,
Kill The Lights (with Nile Rodgers) - Audien Remix,Alex Newell Jess Glynne DJ Cassidy Nile Rodgers Audien,Kill The Lights (with Nile Rodgers) [Remixes],2016-06-17T13:36:10Z,,,
Golden,Brandon Beal Lukas Graham,Golden,2016-06-17T13:36:10Z,,,
Wrapped Up,Olly Murs Travie McCoy,Wrapped Up,2016-06-17T13:36:10Z,,,
Dying for You (feat. Alex Aris),Otto Knows Lindsey Stirling Alex Aris,Dying For You (feat. Alex Aris),2016-06-17T13:36:10Z,,,
Shower,Becky G,Shower,2016-06-17T13:36:10Z,,,
Hold My Hand,Jess Glynne,Hold My Hand,2016-06-17T13:36:10Z,,,
Old Thing Back (feat. Ja Rule and Ralph Tresvant),Matoma The Notorious B.I.G. Ralph Tresvant Ja Rule,Old Thing Back (feat. Ja Rule and Ralph Tresvant),2016-06-17T13:36:10Z,,,
Light It Up (feat. Nyla & Fuse ODG) - Remix,Major Lazer Nyla Fuse Odg,Light It Up (feat. Nyla & Fuse ODG [Remix]),2016-06-17T13:36:10Z,,,
Lush Life,Zara Larsson,Lush Life,2016-06-17T13:36:10Z,,,
Lot To Learn,Luke Christopher,TMRW,2016-06-17T13:36:10Z,,,
Classic,MKTO,MKTO,2016-06-17T13:36:10Z,,,
Lay It All On Me (feat. Ed Sheeran),Rudimental Ed Sheeran,We The Generation,2016-06-17T13:36:10Z,,,
Hula Hoop,OMI,Hula Hoop,2016-06-17T13:36:10Z,,,
Mama Said,Lukas Graham,Mama Said,2016-06-17T13:36:10Z,,,
Want To Want Me,Jason Derulo,Want To Want Me,2016-06-17T13:36:10Z,,,
Limousine - feat. Madcon,Christopher Madcon,Limousine (feat. Madcon),2016-06-17T13:36:10Z,,,
"I Don't Like It, I Love It (feat. Robin Thicke & Verdine White)",Flo Rida Robin Thicke Verdine White,MY HOUSE,2016-06-17T13:36:10Z,,,
Sax,Fleur East,Sax,2016-06-17T13:36:10Z,,,
Reality - Radio Edit,Lost Frequencies Janieck Devy,Reality,2016-06-17T13:36:10Z,,,
Waiting For Love,Avicii,Waiting For Love,2016-06-17T13:36:10Z,,,
Don't Worry,Madcon Ray Dalton,Don't Worry,2016-06-17T13:36:10Z,,,
Love Myself,Hailee Steinfeld,Love Myself,2016-06-17T13:36:10Z,,,
Sweet Lovin' - Radio Edit,Sigala Bryn Christopher,Sweet Lovin' (Radio Edit),2016-06-17T13:36:10Z,,,
"Downtown (feat. Melle Mel, Grandmaster Caz, Kool Moe Dee & Eric Nally)",Macklemore & Ryan Lewis Grandmaster Melle Mel Eric Nally Grandmaster Caz Kool Moe Dee,"Downtown (feat. Melle Mel, Grandmaster Caz, Kool Moe Dee & Eric Nally)",2016-06-17T13:36:10Z,,,
Black Magic,Little Mix,Black Magic,2016-06-17T13:36:10Z,,,
Hold Me Up,Conrad Sewell,Hold Me Up,2016-06-17T13:36:10Z,,,
Run Away With Me,Carly Rae Jepsen,Emotion (Deluxe),2016-06-17T13:36:10Z,,,
Geronimo,Sheppard,Geronimo,2016-06-17T13:36:10Z,,,
"Piano Sonata No. 28, Op. 101: I. Etwas lebhaft und mit der innigsten Empfindung",Ludwig van Beethoven Jonathan Biss,"Beethoven: Piano Sonatas Vol. 5 (Nos. 3, 25, 27, 28)",2016-06-14T05:48:08Z,,,
"Symphony No.40 In G Minor, K.550: 1. Molto allegro",Wolfgang Amadeus Mozart Berliner Philharmoniker Karl Böhm,"Mozart: Symphonies Nos.35 ""Haffner"", 36 ""Linzer"", 38 ""Prager"", 39, 40, 41 ""Jupiter"" (2 CDs)",2016-06-14T05:48:08Z,,,
"Forlorne Hope fancye, P 3",John Dowland Paul O'Dette,"Dowland: Complete Lute Works, Vol. 3",2016-06-14T05:48:08Z,,,
"Po zarostlém chodní¿ku, Book 1: I. Na¿e ve¿ery",Leo¿ Janá¿ek Jonathan Biss,Schumann - Janá¿ek - Berg,2016-06-14T05:48:08Z,,,
"Requiem in D Minor, Op. 48: IV. Pie Jesu (Ed. Marc Rigaudière)","Gabriel Fauré Choir of King's College, Cambridge Tom Pickard Stephen Cleobury Orchestra of the Age of Enlightenment",Fauré: Requiem & Messe Basse,2016-06-14T05:48:08Z,,,
"Symphony No.4 In E Minor, Op.98: 4. Allegro energico e passionato - Più allegro",Johannes Brahms Wiener Philharmoniker Carlos Kleiber,Brahms: Symphony No.4,2016-06-14T05:48:08Z,,,
"Tristan und Isolde / Act 3: ""Mild und leise wie er lächelt"" (Isoldes Liebestod)",Richard Wagner Birgit Nilsson Bayreuth Festival Orchestra Karl Böhm,Wagner: Tristan und Isolde,2016-06-14T05:48:08Z,,,
Première Gymnopédie,Erik Satie Alexandre Tharaud,Satie: Avant-dernières pensées (Bonus Track Version),2016-06-14T05:48:08Z,,,
Symphony in C: Moderato alla breve,Igor Stravinsky Sir Simon Rattle Berliner Philharmoniker,Stravinsky: Symphonies,2016-06-14T05:48:08Z,,,
Daphnis et Chloé - Suite No. 2: Danse générale,Maurice Ravel Jean Martinon,Rapsodie espagnole; Daphnis et Chloé: Suite No. 2; Others,2016-06-14T05:48:08Z,,,
"Symphony No.5 In C Minor, Op.67: 1. Allegro con brio",Ludwig van Beethoven Wiener Philharmoniker Carlos Kleiber,Beethoven: Symphonies Nos.5 & 7,2016-06-14T05:48:08Z,,,
Psalmus 109. dixit dominus,Claudio Monteverdi Rinaldo Alessandrini,Monteverdi: Vespro della beata vergine,2016-06-14T05:48:08Z,,,
Symphony No.5 In C Sharp Minor: 4. Adagietto (Sehr langsam),Gustav Mahler Berliner Philharmoniker Herbert von Karajan,Mahler: Symphony No.5,2016-06-14T05:48:08Z,,,
"Water Music Suite No.2 in D, HWV 349: 11. Allegro",George Frideric Handel English Baroque Soloists John Eliot Gardiner,Handel: Music for The Royal Fireworks/Water Music,2016-06-14T05:48:08Z,,,
"Romeo and Juliet, Op.64 - Act 1: Dance Of the Knights",Sergei Prokofiev Cleveland Orchestra Lorin Maazel,Prokofiev: Romeo & Juliet (2 CDs),2016-06-14T05:48:08Z,,,
"Piano Sonata in B minor, S.178: Lento assai - Allegro energico - Grandioso - Recitativo",Franz Liszt Sviatoslav Richter,Liszt: The Two Piano Concertos/The Piano Sonata,2016-06-14T05:48:08Z,,,
"Piano Concerto No.2 In C Minor, Op.18: 1. Moderato",Sergei Rachmaninoff Sviatoslav Richter Warsaw National Philharmonic Orchestra Stanis¿aw Wis¿ocki,Rachmaninov: Piano Concerto No.2 / Tchaikovsky: Piano Concerto No.1,2016-06-14T05:48:08Z,,,
"Ballade No. 1 in G minor, Op. 23: Largo - Moderato - Meno mosso - Presto con fuoco",Frédéric Chopin Vladimir Horowitz,Horowitz: The Historic Return; Carnegie Hall 1965; The 1966 Concerts,2016-06-14T05:48:08Z,,,
"Symphony No.9 in E minor, Op.95 ""From the New World"": 4. Allegro con fuoco",Antonín Dvo¿ák London Symphony Orchestra István Kertész,Dvorák: Symphonies Nos.8 & 9,2016-06-14T05:48:08Z,,,
Il barbiere di Siviglia: Overture (Sinfonia),Gioachino Rossini Academy of St. Martin in the Fields Sir Neville Marriner,Rossini: Complete Overtures (3 CDs),2016-06-14T05:48:08Z,,,
"Carmina Burana / 2. In Taberna: ""In taberna quando sumus""",Carl Orff Chor der Deutschen Oper Berlin Orchester der Deutschen Oper Berlin Eugen Jochum,Orff: Carmina Burana,2016-06-14T05:48:08Z,,,
Symphony No.6 In A Minor: 3. Andante moderato,Gustav Mahler Wiener Philharmoniker Leonard Bernstein,Mahler: Symphony No.6; Kindertotenlieder (2 CDs),2016-06-14T05:48:08Z,,,
"Piano Trio in E flat, H.XV No.10: 2. Presto",Franz Joseph Haydn Beaux Arts Trio,Haydn: Complete Piano Trios (9 CDs),2016-06-14T05:48:08Z,,,
"12 Etudes, Op.10: No.1 In C",Frédéric Chopin Maurizio Pollini,Chopin,2016-06-14T05:48:08Z,,,
"Adagio For Strings, Op. 11",Royal Scottish National Orchestra Samuel Barber,Samuel Barber: Orchestral Works Volume 2 - Cello Concerto/Medea (Suite)/Adagio For Strings,2016-06-14T05:48:08Z,,,
"Sonata in F Major, K. 533: III. Allegretto",Richard Goode,Mozart,2016-06-14T05:48:08Z,,,
The Lark Ascending,Ralph Vaughan Williams Sarah Chang Bernard Haitink London Philharmonic Orchestra,Ralph Vaughan Williams - The Lark Ascending; Tallis Fantasia,2016-06-14T05:48:08Z,,,
"Symphony No. 5 in D Minor, Op. 47: I. Moderato",Dmitri Shostakovich Leonard Bernstein,Shostakovich: Symphony Nos. 5 & 9,2016-06-14T05:48:08Z,,,
"Waldszenen, Op.82: 3. Einsame Blumen",Robert Schumann Mitsuko Uchida,Schumann: G Minor Sonata; Waldszenen; Gesänge der Frühe,2016-06-14T05:48:08Z,,,
"Violin Concerto in E minor, Op.64: 1. Allegro molto appassionato",Felix Mendelssohn Kyung Wha Chung Orchestre Symphonique de Montréal Charles Dutoit,Mendelssohn: Violin Concerto / Bruch: Violin Concerto / Scottish Fantasy,2016-06-14T05:48:08Z,,,
"Goldberg Variations, BWV 988: Aria",Johann Sebastian Bach Zhu Xiao-Mei,Bach: Goldberg Variations,2016-06-14T05:48:08Z,,,
"String Quintet In C, D. 956: 2. Adagio",Franz Schubert Mstislav Rostropovich Emerson String Quartet,"Schubert: String Quintet In C Major D.956, Op. Posth. 163",2016-06-14T05:48:08Z,,,
Vier letzte Lieder: 2. September,Richard Strauss Jessye Norman Gewandhausorchester Leipzig Kurt Masur,"Strauss, R.: Four Last Songs, etc.",2016-06-14T05:48:08Z,,,
"Piano Sonata in B Flat Major, D. 960: I. Molto moderato",Franz Schubert Paul Lewis,Schubert: The Late Piano Sonatas,2016-06-14T05:48:08Z,,,
"Winterreise, D.911, Erste Abteilung: Gute Nacht",Franz Schubert Ian Bostridge,Schubert: Winterreise,2016-06-14T05:48:08Z,,,
Simple Song #3,David Lang Sumi Jo,Youth (Original Motion Picture Soundtrack),2016-06-14T05:48:08Z,,,
"Messiah, HWV 56, Pt. 2: Part II: Hallelujah","George Frideric Handel Choir of New College, Oxford Academy of Ancient Music Edward Higginbottom","Handel: Messiah, HWV 56 (1751 Version)",2016-06-14T05:48:08Z,,,
"Symphony No. 4 in E-Flat Major, ""Romantic"": I. Bewegt, nicht zu schnell",Anton Bruckner Günter Wand,Anton Bruckner: Symphonie Nr. 4,2016-06-14T05:48:08Z,,,
"Piano Sonata in C major, K. 545: I. Allegro",Wolfgang Amadeus Mozart Kristian Bezuidenhout,Mozart: Keyboard Music Vols. 8 & 9,2016-06-14T05:48:08Z,,,
"Violin Concerto No. 5 in A Major, K. 219, ""Turkish"": III. Tempo di menuetto",Wolfgang Amadeus Mozart Arabella Steinbacher Lucerne Festival Strings,"Mozart: Violin Concertos Nos. 3, 4 & 5",2016-06-14T05:48:08Z,,,
"Wachet auf, ruft uns die Stimme, BWV 140: Chorale: Zion hort die Wachter singen (Chorus)",Johann Sebastian Bach Susan Hamilton William Kendall Peter Harvey The Monteverdi Choir English Baroque Soloists John Eliot Gardiner,"Bach: Cantatas, Vol. 12",2016-06-14T05:48:08Z,,,
"4 Impromptus, Op.90, D.899: No.4 in A Flat Major: Allegretto",Franz Schubert Radu Lupu,Schubert: Impromptus Opp.90 & 142,2016-06-14T05:48:08Z,,,
Cantus in memoriam Benjamin Britten,Arvo Pärt Antal Eisrich Hungarian State Opera Orchestra Strings Tamás Benedek,Part: Arvo Part - A Portrait (Kimberley),2016-06-14T05:48:08Z,,,
"Nocturne No.1 in B flat minor, Op.9 No.1",Frédéric Chopin Nelson Freire,Chopin: The Nocturnes,2016-06-14T05:48:08Z,,,
"Piano Concerto No. 1 in B-Flat Minor, Op. 23: Allegro non troppo e molto maestoso",Pyotr Ilyich Tchaikovsky Van Cliburn Kirill Kondrashin,Tchaikovsky: Concerto No. 1/Rachmaninoff: Concerto No. 2,2016-06-14T05:48:08Z,,,
"Cello Concerto in B Minor, Op. 104, B. 191: II. Adagio ma non troppo",Antonín Dvo¿ák Jean-Guihen Queyras Ji¿í B¿lohlávek Prague Philharmonia,Dvo¿ák: Cello Concerto,2016-06-14T05:48:08Z,,,
"Concerto for Piano and Orchestra No. 4 in G Major, Op. 58: II. Andante con moto",Ludwig van Beethoven Leif Ove Andsnes,Beethoven: Piano Concertos Nos.2 & 4,2016-06-14T05:48:08Z,,,
"Concerto for Piano and Orchestra No. 22, K. 482: III. Allegro",Wolfgang Amadeus Mozart Imogen Cooper Northern Sinfonia,Mozart: Piano Concertos 18 & 22,2016-06-14T05:48:08Z,,,
"Unaccompanied Cello Suite No. 1 in G Major, BWV 1007: Prélude",Yo-Yo Ma,"Bach: Cello Suites Nos. 1, 5 & 6",2016-06-14T05:48:08Z,,,
"Ballade No. 3, Op. 47 in A-flat",Frédéric Chopin Arthur Rubinstein,"Rubinstein Collection, Vol. 45 :Chopin: Ballades, Scherzi, Tarantelle",2016-06-14T05:48:08Z,,,
100s,Borgore,100s,2016-06-22T17:13:22Z,,,
Bricks,Carnage Migos,Papi Gordo,2016-06-22T17:13:22Z,,,
FDT,YG Nipsey Hussle,FDT,2016-06-22T17:13:22Z,,,
Fuck Donald Trump,Nipsey Hussle YG,Fuck Donald Trump,2016-06-22T17:13:22Z,,,
Roll Up (Baauer Remix) - Infuze Re-Roll,Flosstradamus Baauer Infuze,Roll Up (Baauer Remix) [Infuze Re-Roll],2016-06-22T17:13:22Z,,,
No Hands [feat. Roscoe Dash and Wale],Waka Flocka Flame,No Hands (feat. Roscoe Dash & Wale),2016-06-22T17:13:22Z,,,
Decisions (feat. Miley Cyrus),Borgore Miley Cyrus,#NEWGOREORDER LUXE (Deluxe Edition),2016-06-22T17:13:22Z,,,
Know Yourself,Drake,If You're Reading This It's Too Late,2016-06-22T17:13:22Z,,,
Raw to the Floor,Axel Boy,3rd Degree - EP,2016-06-22T17:13:22Z,,,
Law,Yo Gotti E-40,The Art of Hustle (Deluxe),2016-06-22T17:13:22Z,,,
WDYW,Carnage Lil Uzi Vert A$AP Ferg Rich The Kid,Papi Gordo,2016-06-22T17:13:22Z,,,
Fight Night,Migos,No Label II,2016-06-22T17:13:22Z,,,
TurnUp,Gent & Jawns,All Trap Music,2016-06-22T17:13:22Z,,,
I Don't Fuck With You,Big Sean E-40,Dark Sky Paradise,2016-06-22T17:13:22Z,,,
Bap U,Party Favor,Bap U,2016-06-22T17:13:22Z,,,
Gotta Lotta,2 Chainz Lil Wayne,COLLEGROVE,2016-06-22T17:13:22Z,,,
Keep It Mello (feat. Omar Linx),Marshmello Omar LinX,Joytime,2016-06-22T17:13:22Z,,,
When I Feel Like It,Fabolous 2 Chainz,When I Feel Like It,2016-06-22T17:13:22Z,,,
Frogbass - Original Mix,Snails,Frogbass,2016-06-22T17:13:22Z,,,
Millions,Pusha T Rick Ross,Millions,2016-06-22T17:13:22Z,,,
Blast Ya (feat. Barrington Levy),Borgore Barrington Levy,Blast Ya (feat. Barrington Levy),2016-06-22T17:13:22Z,,,
In My Room (feat. Ty Dolla $ign & Tyga),DJ Mustard Yellow Claw Tyga Ty Dolla $ign,Blood For Mercy,2016-06-22T17:13:22Z,,,
Spooked,Bro Safari feat. DJ Craze Bro Safari DJ Craze,All Trap Music,2016-06-22T17:13:22Z,,,
Working For It,ZHU Skrillex THEY.,Genesis Series,2016-06-22T17:13:22Z,,,
Check,Meek Mill,Check,2016-06-22T17:13:22Z,,,
Do Or Die (feat. Childish Gambino),Flux Pavilion Childish Gambino,Blow The Roof,2016-06-22T17:13:22Z,,,
Cant Squad with Us,Borgore,The Buygore Album,2016-06-22T17:13:22Z,,,
Back To Back,Drake,Back To Back,2016-06-22T17:13:22Z,,,
Booty Gyal,Creaky Jackals,Booty Gyal - Single,2016-06-22T17:13:22Z,,,
Febreze (feat. 2 Chainz),Jack Ü Skrillex Diplo 2 Chainz,Skrillex and Diplo present Jack Ü,2016-06-22T17:13:22Z,,,
Hit the Quan - Original Version,iLoveMemphis,Hit the Quan,2016-06-22T17:13:22Z,,,
Kyoto - feat. Sirah,Skrillex,Big Beat Yearbook: 2012,2016-06-22T17:13:22Z,,,
Rambo,Bryson Tiller,T R A P S O U L,2016-06-22T17:13:22Z,,,
Wild Out (feat. Waka Flocka Flame & Paige),Borgore Waka Flocka Flame Paige,Wild Out (feat. Waka Flocka Flame & Paige) [Remixes],2016-06-22T17:13:22Z,,,
Gordo,Carnage Rick Ross araabMUZIK,Papi Gordo,2016-06-22T17:13:22Z,,,
I Like Tuh,Carnage ILoveMakonnen,Papi Gordo,2016-06-22T17:13:22Z,,,
Don't Tell 'Em,Jeremih YG,Late Nights: The Album,2016-06-22T17:13:22Z,,,
Kknow Me,Marshmello,Joytime,2016-06-22T17:13:22Z,,,
Ima Boss - feat. Rick Ross,Meek Mill,"MMG Presents: Self Made, Vol. 1",2016-06-22T17:13:22Z,,,
Nope (feat. ShayGray),Borgore DOTcom ShayGray,The Buygore Album,2016-06-22T17:13:22Z,,,
Just A Lil' Thick (She Juicy),Trinidad James Mystikal Lil Dicky,Just A Lil' Thick (She Juicy),2016-06-22T17:13:22Z,,,
Booty Loose (feat. Fly Boi Keno),Party Favor Fly Boi Keno,Booty Loose (feat. Fly Boi Keno),2016-06-22T17:13:22Z,,,
Maybe,Carmada,Maybe,2016-06-22T17:13:22Z,,,
Slappin,E-40 Nef The Pharaoh D.R.A.M.,Slappin,2016-06-22T17:13:22Z,,,
Express Yourself (feat. Nicky Da B),Diplo Nicky Da B,Random White Dude Be Everywhere,2016-06-22T17:13:22Z,,,
First Of The Year (Equinox),Skrillex,More Monsters and Sprites EP,2016-06-22T17:13:22Z,,,
Trap Queen (feat. Quavo & Gucci Mane),Fetty Wap Gucci Mane Quavo,Trap Queen (feat. Quavo & Gucci Mane),2016-06-22T17:13:22Z,,,
Find Me,Marshmello,Joytime,2016-06-22T17:13:22Z,,,
Look At My Dab,Migos,Look At My Dab,2016-06-22T17:13:22Z,,,
Versace,Migos,Young Rich N*ggas,2016-06-22T17:13:22Z,,,
Movin' Bass - GTA Remix,Rick Ross JAY Z,Movin' Bass (GTA Remix),2016-06-22T17:13:22Z,,,
Hot N*gga,Bobby Shmurda,Hot N*gga,2016-06-22T17:13:22Z,,,
Fame - Bonus Track,Borgore,#NEWGOREORDER LUXE (Deluxe Edition),2016-06-22T17:13:22Z,,,
DJ Turn It Up,Yellow Claw,Amsterdam Twerk Music,2016-06-22T17:13:22Z,,,
Truffle Butter,Nicki Minaj Drake Lil Wayne,Truffle Butter,2016-06-22T17:13:22Z,,,
TECHNO (feat. Waka Flocka Flame),LNY TNZ Diplo Yellow Claw Waka Flocka Flame,Random White Dude Be Everywhere,2016-06-22T17:13:22Z,,,
Wild for the Night,A$AP Rocky Skrillex Birdy Nam Nam,LONG.LIVE.A$AP (Deluxe Version),2016-06-22T17:13:22Z,,,
Clique,Kanye West JAY Z Big Sean,Clique,2016-06-22T17:13:22Z,,,
Monster,Meek Mill,Monster,2016-06-22T17:13:22Z,,,
No Requests (feat. KRS-One),Datsik KRS-One,Down 4 My Ninjas,2016-06-22T17:13:22Z,,,
Body and Soul (feat. Yael),Borgore Yael,#NEWGOREORDER LUXE (Deluxe Edition),2016-06-22T17:13:22Z,,,
3rd degree,Axel Boy,3rd Degree - EP,2016-06-22T17:13:22Z,,,
Be the One,Axel Boy,3rd Degree - EP,2016-06-22T17:13:22Z,,,
Money Longer,Lil Uzi Vert,Money Longer,2016-06-22T17:13:22Z,,,
Internet Friends,Knife Party,100% No Modern Talking,2016-06-22T17:13:22Z,,,
When We Were Young - Zomboy Remix,Dillon Francis Sultan + Shepard The Chain Gang Of 1974,When We Were Young (Remixes),2016-06-22T17:13:22Z,,,
Bake Sale (feat. Travis Scott),Wiz Khalifa Travi$ Scott,Bake Sale (feat. Travis Scott),2016-06-22T17:13:22Z,,,
Turn Around,Borgore Dan Farber,#NEWGOREORDER LUXE (Deluxe Edition),2016-06-22T17:13:22Z,,,
Apollo,Lookas,Apollo,2016-06-22T17:13:22Z,,,
Trap Life,Tomsize,Trap Life,2016-06-22T17:13:22Z,,,
Slow Down,"Spanker DJ Snake, Yellow Claw & Spanker DJ Snake Yellow Claw",Amsterdam Twerk Music,2016-06-22T17:13:22Z,,,
We Dem Boyz,Wiz Khalifa,Blacc Hollywood (Deluxe),2016-06-22T17:13:22Z,,,
Mula Remix,Big Sean 2 Chainz Meek Mill Earlly Mac,Hall Of Fame (Deluxe),2016-06-22T17:13:22Z,,,
Tony,LOUDPVCK Gladiator Nipsey Hussle,Tony,2016-06-22T17:13:22Z,,,
Wild - VIP,"Snails, Antiserum",Wild Remixes,2016-06-22T17:13:22Z,,,
Nice Flow - Original Mix,Smookie Illson Fly Boy Keno,Nice Flow,2016-06-22T17:13:22Z,,,
Shotgun,Yellow Claw Rochelle,Shotgun,2016-06-22T17:13:22Z,,,
"TTG [Trained To Go] - feat. French Montana, YG Hootie, Joe Moses & Baby Bomb [Explicit Album Version]",Waka Flocka Flame,Flockaveli,2016-06-22T17:13:22Z,,,
Forever,Drake Kanye West Lil Wayne Eminem,More Than A Game (Explicit Version),2016-06-22T17:13:22Z,,,
The Motto,Drake Lil Wayne,The Motto (Explicit Version),2016-06-22T17:13:22Z,,,
Back Up,Dej Loaf Big Sean,#AndSeeThatsTheThing,2016-06-22T17:13:22Z,,,
They Don't Love You No More,DJ Khaled JAY Z Meek Mill Rick Ross French Montana,I Changed A Lot (Deluxe),2016-06-22T17:13:22Z,,,
Mosh Pit,Flosstradamus Casino,Mosh Pit (The Remixes),2016-06-22T17:13:22Z,,,
Crank It (feat. Lil' Jon),Ghastly Mija Lil Jon,OWSLA Presents EGGNOG,2016-06-22T17:13:22Z,,,
Love Myself,Hailee Steinfeld,Love Myself,2016-06-20T16:43:14Z,,,
"Can't Stop the Feeling! (Original Song from DreamWorks Animation ""TROLLS"")",Justin Timberlake,"Can't Stop the Feeling! (Original Song from DreamWorks Animation ""TROLLS"")",2016-06-24T16:20:01Z,,,
Once in a While,Timeflies,Once in a While,2016-06-20T16:43:14Z,,,
Roses,The Chainsmokers ROZES,Roses,2016-06-20T16:43:14Z,,,
Ride,Twenty One Pilots,Blurryface,2016-06-24T16:45:41Z,,,
Little Bit,Perrin Lamb,Back to You,2016-06-20T16:43:14Z,,,
Cake By The Ocean,DNCE,SWAAY,2016-06-20T16:43:14Z,,,
Rather Be (feat. Jess Glynne),Clean Bandit Jess Glynne,Rather Be (feat. Jess Glynne),2016-06-20T16:43:14Z,,,
Bonbon,Era Istrefi,Bonbon,2016-06-24T15:42:24Z,,,
The Ocean,Mike Perry Shy Martin,The Ocean,2016-06-20T16:43:14Z,,,
One Dance,Drake Wiz Kid Kyla,Views,2016-06-20T16:43:14Z,,,
Looking Up,SafetySuit,Looking Up,2016-06-20T16:43:14Z,,,
Bright,Echosmith,Talking Dreams,2016-06-20T16:43:14Z,,,
Not Too Young,Sabina Ddumba,Not Too Young,2016-06-20T16:43:14Z,,,
Hymn For The Weekend - Seeb Remix,Coldplay Seeb,Hymn For The Weekend (Seeb Remix),2016-06-24T16:21:44Z,,,
Spirits,The Strumbellas,Spirits,2016-06-20T16:43:14Z,,,
For A Better Day,Avicii,Pure Grinding For A Better Day,2016-06-20T16:43:14Z,,,
Winterbreak - Tiësto's Deep House Remix,MUNA Tiësto,Winterbreak (Tiësto's Deep House Remix),2016-06-20T16:43:14Z,,,
Hold My Hand,Jess Glynne,Hold My Hand,2016-06-20T16:43:14Z,,,
No Control,One Direction,FOUR (Deluxe),2016-06-20T16:43:14Z,,,
In My Head,Betablock3r,In My Head,2016-06-20T16:43:14Z,,,
Beat of My Drum,POWERS,Beat of My Drum,2016-06-20T16:43:14Z,,,
Heroes (we could be),Alesso,Heroes (we could be),2016-06-20T16:43:14Z,,,
Superheroes,The Script,No Sound Without Silence,2016-06-20T16:43:14Z,,,
The Days,Avicii,The Days,2016-06-20T16:43:14Z,,,
Nothing Really Matters - Afrojack Remix Radio Edit,Mr. Probz,Nothing Really Matters (Afrojack Remix Radio Edit),2016-06-20T16:43:14Z,,,
Break Free,Ariana Grande Zedd,Break Free,2016-06-20T16:43:14Z,,,
Best Day Of My Life,American Authors,Best Day Of My Life,2016-06-20T16:43:14Z,,,
Let¿s Go,Tiësto Icona Pop,Let's Go,2016-06-20T16:43:14Z,,,
Thinking About You,Calvin Harris Ayah Marar,18 Months,2016-06-20T16:43:14Z,,,
Rescue,Yuna,Nocturnal (Deluxe Edition),2016-06-20T16:43:14Z,,,
I¿m Alive (Life Sounds Like),Michael Franti & Spearhead,All People (Deluxe),2016-06-20T16:43:14Z,,,
Echoes - Radio Edit,Henrik B Niklas Gustavsson Peter Johansson,Echoes,2016-06-20T16:43:14Z,,,
I Could Be The One [Avicii vs Nicky Romero] - Nicktim / Radio Edit,Avicii Nicky Romero,I Could Be The One [Avicii vs Nicky Romero],2016-06-20T16:43:14Z,,,
We Found Love,Rihanna Calvin Harris,We Found Love,2016-06-20T16:43:14Z,,,
Good Life,OneRepublic,Waking Up,2016-06-20T16:43:14Z,,,
Secret,Chelsea Lankes,Secret,2016-06-20T16:43:14Z,,,
T-Shirt Weather,Circa Waves,T-Shirt Weather,2016-06-20T16:43:14Z,,,
Another Dimension,MishCatt,EP,2016-06-20T16:43:14Z,,,
On My Mind,Ellie Goulding,On My Mind,2016-06-20T16:43:14Z,,,
How Deep Is Your Love,Calvin Harris Disciples,How Deep Is Your Love,2016-06-20T16:43:14Z,,,
Cheerleader - Felix Jaehn Remix Radio Edit,OMI,Cheerleader (Felix Jaehn Remix Radio Edit),2016-06-20T16:43:14Z,,,
Can't Feel My Face,The Weeknd,Can¿t Feel My Face,2016-06-20T16:43:14Z,,,
Run Away With Me,Carly Rae Jepsen,Run Away With Me,2016-06-20T16:43:14Z,,,
Untouchable,Tritonal Cash Cash,Untouchable,2016-06-20T16:43:14Z,,,
Lean On (feat. MØ & DJ Snake),Major Lazer M.O DJ Snake,Lean On (feat. MØ & DJ Snake),2016-06-20T16:43:14Z,,,
Ain't Nobody (Loves Me Better),Felix Jaehn Jasmine Thompson,Ain't Nobody (Loves Me Better),2016-06-20T16:43:14Z,,,
"Downtown (feat. Melle Mel, Grandmaster Caz, Kool Moe Dee & Eric Nally)",Macklemore & Ryan Lewis Grandmaster Melle Mel Eric Nally Grandmaster Caz Kool Moe Dee,"Downtown (feat. Melle Mel, Grandmaster Caz, Kool Moe Dee & Eric Nally)",2016-06-20T16:43:14Z,,,
Want To Want Me,Jason Derulo,Want To Want Me,2016-06-20T16:43:14Z,,,
I Really Like You,Carly Rae Jepsen,I Really Like You,2016-06-20T16:43:14Z,,,
Geronimo,Sheppard,Geronimo,2016-06-20T16:43:14Z,,,
I Want You To Know,Zedd Selena Gomez,I Want You To Know,2016-06-20T16:43:14Z,,,
Hold On Tight,Greg Holden,Hold On Tight,2016-06-20T16:43:14Z,,,
Up We Go,LIGHTS,Up We Go,2016-06-20T16:43:14Z,,,
Time of Our Lives,Pitbull Ne-Yo,Globalization,2016-06-20T16:43:14Z,,,
Am I Wrong,Nico & Vinz,Am I Wrong,2016-06-20T16:43:14Z,,,
Everybody Talks,Neon Trees,Everybody Talks,2016-06-20T16:43:14Z,,,
Brighter Than The Sun,Colbie Caillat,Brighter Than The Sun,2016-06-20T16:43:14Z,,,
The Fighter,Keith Urban Carrie Underwood,Ripcord,2016-06-20T16:43:14Z,,,
"Concerto en ré mineur, BWV 974: II. Adagio",Johann Sebastian Bach Alexandre Tharaud,J.S. Bach: Concertos italiens,2015-09-17T21:40:17Z,,,
"Brandenburg Concerto No. 3 in G Major, BWV 1048: I. [Allegro]",Johann Sebastian Bach Trevor Pinnock European Brandenburg Ensemble,Bach: Six Concertos for the Margrave of Brandenburg,2015-09-17T21:40:17Z,,,
"Wachet auf, ruft uns die Stimme, BWV 140: Chorale Prelude",Johann Sebastian Bach E. Power Biggs,Bach: Great Organ Favorites,2015-09-17T21:40:17Z,,,
Concerto in D Minor for Two Violins (BWV 1043): I. Vivace,Johann Sebastian Bach Andrew Manze Rachel Podger Academy of Ancient Music,J.S. Bach: Solo & Double Violin Concertos,2015-09-17T21:40:17Z,,,
"Choral ""Jesu, meine Freude"" de la Cantate ""Herz und Mund Tat und Leben"" en sol majeur, BWV 147",Johann Sebastian Bach Anne Queffélec,Bach: Contemplation,2015-09-17T21:40:17Z,,,
"Matthäus-Passion: Zweiter Teil, 39. Aria (Alt) Erbarme dich",Johann Sebastian Bach Bernarda Fink Akademie für Alte Musik Berlin René Jacobs,"J.S. Bach: St Matthew Passion, BWV 244 (Matthäus-Passion)",2015-09-17T21:40:17Z,,,
Suite No. 2 in D Minor BWV 1008.: IV. Sarabande,Johann Sebastian Bach Jean-Guihen Queyras,J.S. Bach: Complete Cello Suites,2015-09-17T21:40:17Z,,,
"Christen, ätzet diesen Tag, BWV 63: I. Choral ""Christen, ätzet diesen Tag""",Johann Sebastian Bach Collegium Vocale Gent Philippe Herreweghe,"J.S. Bach: Magnificat, BWV 243a",2015-09-17T21:40:17Z,,,
"Partita No. 1 in B-Flat Major, BWV 825: II. Allemande",Johann Sebastian Bach Murray Perahia,"Bach: Partitas Nos. 1, 5 & 6",2015-09-17T21:40:17Z,,,
"Mass in B Minor, BWV 232: Agnus Dei: Agnus Dei (Alto)",Johann Sebastian Bach Carolyn Sampson Rachel Nicholls Robin Blaze Gerd Türk Peter Kooij Bach Collegium Japan Chorus Bach Collegium Japan Masaaki Suzuki,Bach: Mass in B minor,2015-09-17T21:40:17Z,,,
"The Well-Tempered Clavier,BWV 846: Prelude I in C Major",Johann Sebastian Bach Richard Egarr,"Bach: The Well-Tempered Clavier, Book 1, BWV 846-869",2015-09-17T21:40:17Z,,,
"Orchestral Suite No. 3 in D Major, After BWV 1068: II. Air",Johann Sebastian Bach Gonzalo X Ruiz Monica Huggett,Bach: Orchestral Suites for a Young Prince,2015-09-17T21:40:17Z,,,
"Bach, JS : Cantata No.208 Was mir behagt BWV208, 'Hunt' : IX Aria - ""Schafe können sicher weiden"" [Pales]",Johann Sebastian Bach Nikolaus Harnoncourt Concentus Musicus Wien,Harnoncourt conducts JS Bach,2015-10-22T14:44:16Z,,,
"English Suite No.2 in A minor, BWV 807: 2. Allemande",Johann Sebastian Bach András Schiff,The English Suites; Suites Nos.1 - 6 (2 CDs),2015-09-17T21:40:17Z,,,
"Christ lag in Todes Banden, BWV 4: Duet: Den Tod niemand zwingen kunnt (Soprano, Alto)",Johann Sebastian Bach Yumiko Kurisu Akira Tachikawa Koki Katano Peter Kooy Bach Collegium Japan Masaaki Suzuki,"Bach, J.S.: Cantatas, Vol. 1 - Bwv 4, 150, 196",2015-09-20T12:14:33Z,,,
"Concerto for Three Violins, BWV 1064R: I. Allegro",Johann Sebastian Bach Rachel Podger Brecon Baroque,Bach: Double & Triple Concertos,2015-09-17T21:40:17Z,,,
"Erster Teil - Jauchzet, Frohlocket, Auf, Preiset Die Tage: Aria (Bass) - Großer Herr, O Starker König (Bach)",Johann Sebastian Bach Swiss Radio Choir I Barocchisti Diego Fasolis,"Bach: Weihnachtsoratorium, BWV 248",2015-09-20T12:07:30Z,,,
"Partita No. 4 in D Major, BWV 828: II. Allemande",Johann Sebastian Bach Jeremy Denk,"Bach: Partitas Nos. 3, 4 & 6",2015-09-17T21:40:17Z,,,
"Suite No. 6 in D Major, BWV 1012: V. Gavotte I - Gavotte II - Gavotte I",Johann Sebastian Bach Jaap Ter Linden,Bach: Six Cello Suites,2015-09-17T21:40:17Z,,,
"Mass in B minor BWV 232, MISSA: Qui sedes ad dextram Patris (alto)",Johann Sebastian Bach Dame Emma Kirkby/Emily Van Evera/Panito Iconomou/Christian Immler/Michael Kilian/Rogers Covey-Crump/David Thomas/Taverner Consort/Taverner Players/Andrew Parrott Andrew Parrott,Mass in B Minor,2015-09-17T21:40:17Z,,,
"French Suite No. 1 in D Minor, BWV 812: I. Allemande - Remastered",Johann Sebastian Bach Glenn Gould,"Bach: The French Suites Nos. 1-4, BWV 812-815 - Gould Remastered",2015-09-17T21:40:17Z,,,
"Lobet den Herrn, alle Heiden, BWV 230",Johann Sebastian Bach The Monteverdi Choir John Eliot Gardiner,Bach: Motets,2015-09-17T21:40:17Z,,,
"Gottes Zeit ist die allerbeste Zeit, BWV 106 (Arr. by G. Kurtag for Piano 4 Hands)",György Kurtág Johann Sebastian Bach Anderson and Roe,The Art of Bach,2015-09-17T21:40:17Z,,,
"Choral ""Aus tiefer Not"" (Schlußchoral der Kantate BWV 38)",Johann Sebastian Bach Raphael Alpermann,Bach: Die Kunst der Fuge,2015-09-17T21:40:17Z,,,
Goldberg Variations BWV 988: Aria Da Capo e Fine,Johann Sebastian Bach Pierre Hantaï,"Bach: Variations Goldberg, BWV 988",2015-09-17T21:40:17Z,,,
"Widerstehe doch der Sünde, BWV 54: 1. Aria ""Widerstehe doch der Sünde""",Johann Sebastian Bach Andreas Scholl Collegium Vocale Gent Philippe Herreweghe,J.S. Bach: Cantatas for Alto Solo,2015-09-17T21:40:17Z,,,
"Prelude & Fugue No. 12 in F minor, BWV 881: Praeludium",Johann Sebastian Bach Glenn Gould,"Bach: The Well-Tempered Clavier, Book II, BWV 878-885",2015-09-18T12:04:40Z,,,
"BWV82: Aria: Schlummert ein, ihr matten Augen",Johann Sebastian Bach Lorraine Hunt Lieberson,"Bach Cantatas, BWV 82 and 199",2015-09-17T21:40:17Z,,,
Sonata III BWV 1005 in C major: II. Fuga,Johann Sebastian Bach Isabelle Faust,Bach: Sonatas & Partitas for solo violin,2015-09-17T21:40:17Z,,,
"Violin Partita No. 3 in E Major, BWV 1006 (arr. P. Galbraith): III. Gavotte en rondeau",Johann Sebastian Bach Paul Galbraith,"Bach, J.S.: Sonatas and Partitas (Arr. for Guitar)",2015-09-17T21:40:17Z,,,
"Musical Offering, BWV 1079: Ricercar a 6",Johann Sebastian Bach Alan Feinberg,Fugue State,2015-09-20T19:50:58Z,,,
"Schübler Chorale Preludes: VI. ""Kommst du nun, Jesu, vom Himmel herunter"", BWV 650",Johann Sebastian Bach Lionel Rogg,J.S. Bach: Toccata & Fugue in D Minor,2015-09-17T21:40:17Z,,,
"Toccata and Fugue in D minor, BWV 565",Johann Sebastian Bach Ton Koopman,"Bach, J.S.: Toccatas & Fugues BWV 538; BWV 540; BWV 564; BWV 565",2015-09-17T21:40:17Z,,,
"Lute Suite in E Minor, BWV 996: IV. Sarabande",Johann Sebastian Bach Jakob Lindberg,"Bach, J.S.: Lute Music",2015-09-17T21:40:17Z,,,
"Prelude, Fugue and Allegro in E-Flat Major, BWV 998: Fugue",Johann Sebastian Bach Kim Heindel,"Bach, J.S.: Lute-Harpsichord Music - Bwv 996, 997, 998, 1000, 1006A",2015-09-17T21:40:17Z,,,
"Passacaglia in C Minor, BWV 582",Johann Sebastian Bach Gerhard Weinberger,"Bach, J.S.: Organ Works, Vol. 7",2015-09-17T21:40:17Z,,,
"St. John Passion, BWV 245 / Part Two: No.35 Aria (soprano): "" Zerfließe, mein Herz """,Johann Sebastian Bach Nancy Argenta English Baroque Soloists John Eliot Gardiner,"Bach, J.S.: St. John Passion",2015-09-17T21:40:17Z,,,
"Violin Partita No. 2 in D Minor, BWV 1004: V. Ciaccona",Johann Sebastian Bach Jennifer Koh,"Bach and Beyond, Part I",2015-09-17T21:40:17Z,,,
"Magnificat in D Major, BWV 243: Quia respexit humilitatem",Johann Sebastian Bach Barbara Schlick La Chapelle Royale Philippe Herreweghe,"J.S. Bach: Magnificat, BWV 243",2015-09-17T21:40:17Z,,,
"Invention No. 8 in F Major, BWV 779",Johann Sebastian Bach Simone Dinnerstein,Bach Re-invented,2015-09-20T13:02:52Z,,,
"Wie schön leuchtet der Morgenstern, BWV 436","Johann Sebastian Bach Choir of Clare College, Cambridge Graham Ross",Veni Emmanuel: Music for Advent,2015-09-17T21:40:17Z,,,
"Sonata III (G Moll), BWV 1029: Adagio",Johann Sebastian Bach Jordi Savall Ton Koopman,Bach: Die Sonaten Für Viola Da Gamba und Cembalo,2015-09-17T21:40:17Z,,,
"Toccata and Fugue in D minor, BWV 538 ""Dorian"": 1. Prelude (Toccata)",Johann Sebastian Bach Simon Preston,"Bach, J.S.: The Organ Works",2015-09-17T21:40:17Z,,,
"Schweigt stille, plaudert nicht Cantata, BWV 211 ""Coffee Cantata"": 4. Arie: Ei! wie smeckt Coffee süße",Johann Sebastian Bach Emma Kirkby Lisa Beznosiuk Academy of Ancient Music Christopher Hogwood,Emma Kirkby - A Portrait,2015-09-17T21:40:17Z,,,
"Violin Concerto No. 2 in E Major, BWV 1042: I. Allegro",Johann Sebastian Bach Joshua Bell Academy of St. Martin in the Fields,Bach,2015-09-17T21:40:17Z,,,
"Kantate Gottes Zeit ist die allerbeste Zeit, BWV 106 ""Actus Tragicus"": In deine Hände - Heute wirst du mit mir im Paradies - Mit Fried und Freud",Johann Sebastian Bach Ricercar Consort Greta de Reyghere James Bowman Guy De Mey Max van Egmond,Trauerkantaten,2015-09-17T21:40:17Z,,,
"Goldberg Variations, BWV 988: Variation 25 a 2 Clavier",Johann Sebastian Bach Zhu Xiao-Mei,Bach: Goldberg Variations,2015-09-18T08:49:48Z,,,
"Bach: Cantata BWV 199. Mein Herze schwimmt im Blut, Aria",Johann Sebastian Bach Dawn Upshaw,Angels Hide Their Faces: Dawn Upshaw Sings Bach and Purcell,2015-09-17T21:40:17Z,,,
"Flute Sonata in E-Flat Major, BWV 1031: II. Siciliano",Johann Sebastian Bach Joshua Smith Jory Vinikour,"Bach, J.S.: Flute Sonatas",2015-09-30T15:46:30Z,,,
"The Art of the Fugue, BWV 1080: Contrapuntus 14 - Maestoso (Original unfinished version)",Johann Sebastian Bach Canadian Brass,Bach: The Art of the Fugue,2015-09-17T21:40:17Z,,,
Body Dancing,Qulinez Belle Humble,Body Dancing,2016-06-20T18:55:31Z,,,
All We Need feat. Shy Girls - Dzeko & Torres Remix Radio Edit,ODESZA,All We Need feat. Shy Girls (Dzeko & Torres Remix),2016-06-20T18:55:31Z,,,
Escarole,Cash Cash,"Blood, Sweat & 3 Years",2016-06-24T14:52:57Z,,,
Do It Right,Martin Solveig Tkay Maidza,Do It Right,2016-06-20T18:55:31Z,,,
How Deep Is Your Love - Chris Lake Remix,Calvin Harris Disciples Chris Lake,How Deep Is Your Love (Remixes),2016-06-20T18:55:31Z,,,
Need You,Ftampa Sex Room,Need You,2016-06-24T18:04:24Z,,,
Runaway (U & I),Galantis,Pharmacy,2016-06-20T18:55:31Z,,,
Poison,Martin Garrix,Poison,2016-06-20T18:55:31Z,,,
Together As One - Radio Edit,Dropgun,Together As One,2016-06-20T18:55:31Z,,,
Kuaga (Lost Time) (Radio Edit),Pierce Fulton,Kuaga (Lost Time) (Radio Edit),2016-06-20T18:55:31Z,,,
Together,The Magician,Together,2016-06-20T18:55:31Z,,,
On My Way - Mercer Remix,Axwell /\ Ingrosso Axwell Sebastian Ingrosso,On My Way (Mercer Remix),2016-06-20T18:55:31Z,,,
Bad (feat. Vassy) - Radio Edit,David Guetta Showtek VASSY,Listen (Deluxe),2016-06-20T18:55:31Z,,,
Move - Original Mix,Sidney Samson,Move,2016-06-20T18:55:31Z,,,
Delirious (Boneless),Steve Aoki Chris Lake Tujamo Kid Ink,Neon Future I,2016-06-20T18:55:31Z,,,
Break Through The Silence - Radio Edit,Martin Garrix Matisse & Sadko,Break Through The Silence EP,2016-06-20T18:55:31Z,,,
Where Are Ü Now (with Justin Bieber) - Marshmello Remix,Jack Ü Skrillex Diplo Justin Bieber Marshmello,Where Are Ü Now (with Justin Bieber) [Remixes],2016-06-20T18:55:31Z,,,
The Universe - Radio Edit,Lush & Simon,The Universe,2016-06-20T18:55:31Z,,,
Something Better,Audien Lady Antebellum,Something Better,2016-06-20T18:55:31Z,,,
Let You Go - Radio Edit,The Chainsmokers Great Good Fine Ok,Let You Go (Radio Edit),2016-06-20T18:55:31Z,,,
Classic (feat. Fetty Wap & POWERS ),The Knocks POWERS Fetty Wap,Classic (feat. Fetty Wap & POWERS),2016-06-20T18:55:31Z,,,
Never Sleep Alone (feat. Tess Comrie) - CID Remix,Kaskade Tess Comrie,Never Sleep Alone (feat. Tess Comrie) [Remixes],2016-06-20T18:55:31Z,,,
Desire - Gryffin Remix,Years & Years,We Are Your Friends (Music From The Original Motion Picture),2016-06-20T18:55:31Z,,,
Gold Dust - East & Young Remix,Galantis East Young,Gold Dust (Remixes),2016-06-20T18:55:31Z,,,
Eternity - Radio Edit,Tim Mason Marrs TV Harrison,Eternity,2016-06-20T18:55:31Z,,,
Another You - CID Radio Edit,Armin van Buuren Mr. Probz,Another You (CID Remix),2016-06-20T18:55:31Z,,,
Dreams - Lost Kings Remix,Life of Dillon,Prologue (Remixes),2016-06-20T18:55:31Z,,,
Hands,Gareth Emery Alastor London Thor,Hands,2016-06-20T18:55:31Z,,,
Lovin,Breathe Carolina APEK Neon Hitch,Lovin,2016-06-20T18:55:31Z,,,
Earthquake - Radio Edit,Disco Fries The Command Sisters,Earthquake,2016-06-20T18:55:31Z,,,
City Lights,Avicii,Stories,2016-06-20T18:55:31Z,,,
One Click Headshot - Original Mix,Feed Me,Feed Me's Escape From Electric Mountain,2016-06-20T18:55:31Z,,,
Find a Way (Anevo Remix) [feat. Rudy],Dirty South Rudy,Find a Way (Anevo Remix) [feat. Rudy],2016-06-20T18:55:31Z,,,
Renaissance (feat. Clairity),Steve James Clairity,Renaissance (feat. Clairity),2016-06-20T18:55:31Z,,,
Landmines,Pierce Fulton J Hart,Landmines,2016-06-20T18:55:31Z,,,
Undercover - Yotto Radio Edit,Lane 8 Matthew Dear,Undercover,2016-06-20T18:55:31Z,,,
Dechorro,Deorro,Dechorro,2016-06-20T18:55:31Z,,,
Fallen Angel - Dennis Sheperd Radio Edit,Dennis Sheperd Cold Blue Ana Criado,"Trance World, Vol. 14",2016-06-20T18:55:31Z,,,
The Journey,Feint Veela,Liquicity Memoirs,2016-06-20T18:55:31Z,,,
Gasoline,Noah Neiman Matthew Steeper,Gasoline,2016-06-20T18:55:31Z,,,
Fibreglasses - Radio Edit,Chicane,Fibreglasses,2016-06-20T18:55:31Z,,,
Can't Forget You (ft. The Nicholas),San Holo The Nicholas,Can't Forget You,2016-06-20T18:55:31Z,,,
Dance To The Beat,Felguk Lazy Rich,Dance To The Beat,2016-06-20T18:55:31Z,,,
Booty Bounce,Tujamo Taio Cruz,Booty Bounce,2016-06-20T18:55:31Z,,,
Bring It Back,Ephwurd,Bring It Back,2016-06-20T18:55:31Z,,,
Blast off - Radio Edit,David Guetta Kaz James,Listen Again,2016-06-20T18:55:31Z,,,
When The Funk Drops,Deorro Uberjak'd Far East Movement,When The Funk Drops,2016-06-20T18:55:31Z,,,
Encore,Mercer,Encore,2016-06-20T18:55:31Z,,,
Voltage,Danny Avila,Voltage,2016-06-20T18:55:31Z,,,
Party People 2K15,Ralvero,Party People 2K15,2016-06-20T18:55:31Z,,,
I Get Up,Autoerotique,I Get Up,2016-06-20T18:55:31Z,,,
Hakuna Matata - Hardwell Radio Edit,R3hab Hardwell,Hakuna Matata (Hardwell Edit),2016-06-20T18:55:31Z,,,
The Code - Radio Edit,W&W Ummet Ozcan,The Code,2016-06-20T18:55:31Z,,,
Wildfire,Thomas Newson,Wildfire,2016-06-20T18:55:31Z,,,
Get Down,Tiësto Tony Junior,Get Down,2016-06-20T18:55:31Z,,,
Police,Tony Junior JETFIRE Rivero,Police,2016-06-20T18:55:31Z,,,
Amen,Cuebrick RBYN,Amen,2016-06-20T18:55:31Z,,,
Another Chance - Above & Beyond Club Mix ABGT Mix,Above & Beyond Oceanlab,Little Something Live from Wembley,2016-06-20T18:55:31Z,,,
If It Ain't Dutch,Armin van Buuren W&W,If It Ain¿t Dutch,2016-06-20T18:55:31Z,,,
Aperture,Unison,Aperture,2016-06-20T18:55:31Z,,,
Off The Hook,Hardwell Armin van Buuren,Off The Hook,2016-06-20T18:55:31Z,,,
Unbroken,Quintino Yves V Gia Koka,Unbroken,2016-06-20T18:55:31Z,,,
We Are One - Radio Edit,Disco Fries Kaaze Danyka Nadeau,We Are One,2016-06-20T18:55:31Z,,,
D2B - Steve Aoki Remix,Max Styler Charlie Darker Steve Aoki,D2B Remixes,2016-06-20T18:55:31Z,,,
Energetic,Chuckie Rivero,Energetic,2016-06-20T18:55:31Z,,,
Feel The Power,Julian Jordan Stino,Feel The Power,2016-06-20T18:55:31Z,,,
L'Amour Toujours - Tiësto Radio Edit,Dzeko & Torres Delaney Jane,L'Amour Toujours (Tiësto Edit),2016-06-20T18:55:31Z,,,
KillaSound,Laidback Luke,Focus,2016-06-20T18:55:31Z,,,
Lunar,Codeko,Lunar,2016-06-20T18:55:31Z,,,
More Than Ever,Breathe Carolina Ryos,More Than Ever,2016-06-20T18:55:31Z,,,
On The Run,Ummet Ozcan,On The Run,2016-06-20T18:55:31Z,,,
Bowser - Original Mix,W&W Blasterjaxx,Bowser,2016-06-20T18:55:31Z,,,
Tremors (feat. Go Comet!),Botnek GO COMET!,Tremors (feat. Go Comet!),2016-06-20T18:55:31Z,,,
Gangster - Original Mix,Firebeatz,Gangster,2016-06-20T18:55:31Z,,,
Be The 1 - Radio Mix,Faruk Sabanci Zane Fischer,Be The 1 (Radio Mix),2016-06-20T18:55:31Z,,,
CNTRL,Marcus Schössow Dave Winnel,CNTRL,2016-06-20T18:55:31Z,,,
Hawt,Brillz Ghastly,Geekin,2016-06-20T18:55:31Z,,,
Mercury,Hugo Cantarra,Mercury,2016-06-20T18:55:31Z,,,
Morphine,Thomas Gold Lush & Simon,Morphine,2016-06-20T18:55:31Z,,,
The Power of Now - Crystal Lake Remix,Steve Aoki Headhunterz,The Power of Now (Crystal Lake Remix),2016-06-20T18:55:31Z,,,
Skies,Juicy M Endemix,Skies,2016-06-20T18:55:31Z,,,
Spacetunnel - Dyro Edit,Prism Funkz Dyro,Spacetunnel (Dyro Edit),2016-06-20T18:55:31Z,,,
Sweet Harmony,DubVision,Sweet Harmony,2016-06-20T18:55:31Z,,,
YEAHHHH,Firebeatz,YEAHHHH,2016-06-20T18:55:31Z,,,
Perfection,twoloud Qulinez,Perfection,2016-06-20T18:55:31Z,,,
Cream - Radio Edit,Tujamo Danny Avila,Cream,2016-06-20T18:55:31Z,,,
Deep Down Low,Valentino Khan,Deep Down Low (Remixes),2016-06-20T18:55:31Z,,,
Temptation,Still Young Simon De Jano Madwill,Temptation,2016-06-20T18:55:31Z,,,
Tonight,An21 Max Vangeli,Tonight,2016-06-20T18:55:31Z,,,
Turn It Up,Henry Fong Mr. V,Turn It Up,2016-06-20T18:55:31Z,,,
Like A Boss,Dyro,Like A Boss,2016-06-20T18:55:31Z,,,
Get on Up,Jauz Pegboard Nerds,Get on Up,2016-06-20T18:55:31Z,,,
Old Skool,Armin van Buuren,Embrace,2016-06-20T18:55:31Z,,,
Million Voices - Radio Edit,Otto Knows,Casablanca Nights Vol. 1,2016-06-20T18:55:31Z,,,
Lethal Industry,Sunnery James & Ryan Marciano,Lethal Industry,2016-06-20T18:55:31Z,,,
Tung! - Radio Edit,Deniz Koyu,Tung!,2016-06-20T18:55:31Z,,,
Color Pop - Radio Edit,twoloud Kaaze,Color Pop,2016-06-20T18:55:31Z,,,
Crunk - Original Mix,Showtek,Crunk / Slow Down,2016-06-20T18:55:31Z,,,
Backlash - Martin Garrix Radio Edit,DubVision,Backlash (Martin Garrix Edit),2016-06-20T18:55:31Z,,,
The Universe Is Ours,Headhunterz Crystal Lake Reunify KiFi,The Universe Is Ours,2016-06-20T18:55:31Z,,,
Night Piece (Notturno) (1963),Benjamin Britten Stephen Hough,The Very Best Of Britten,2016-06-13T13:14:48Z,,,
"Liebestraume, S541/R211 : No. 3: Nocturne in A-Flat Major",Franz Liszt Jen¿ Jandó,Liszt: Scherzo and March / 3 Liebestraume / Berceuse,2016-06-13T13:14:48Z,,,
"Piano Quartet in E-flat Major, Op.16: II. Andante cantabile",Ludwig van Beethoven Emanuel Ax Isaac Stern Jaime Laredo Yo-Yo Ma,"Beethoven, Schumann: Piano Quartets (Remastered)",2016-06-13T13:14:48Z,,,
"Années de Pélegrinage / Prémiere Année: Suisse, S. 160: II. Au lac de Wallenstadt (At Lake Wallenstadt)",Franz Liszt Oliver Schnyder,Liszt: Piano Works,2016-06-13T13:14:48Z,,,
"Trio pour piano, violon & violoncelle: I. (Modéré)",Maurice Ravel Amandine Savary Vineta Sareika Christian-Pierre La Marca,"Ravel: Trio, Sonate pour violon et violoncelle & Sonate pour violon et piano",2016-06-13T13:14:48Z,,,
"Sonata in A Minor, K 59 (L 241)",Domenico Scarlatti Vladimir Horowitz,Horowitz: The Celebrated Scarlatti Recordings - Expanded Edition,2016-06-13T13:14:48Z,,,
"En rêve, nocturne, S. 207",Franz Liszt Paul Lewis,Liszt: Sonata in B Minor - Piano Works,2016-06-13T13:14:48Z,,,
"Nocturnes, Op. 9: No. 2 in E-Flat Major. Andante",Frédéric Chopin Brigitte Engerer,Chopin: The Essentials,2016-06-13T13:14:48Z,,,
"Pièces Lyriques, Op. 47 No. 3: Mélodie",Edvard Grieg Shani Diluka,Grieg: Concerto Pour Piano & Pièces Lyriques,2016-06-13T13:14:48Z,,,
"Symphony No. 3 in F Major, Op. 90: III. Poco allegretto",Johannes Brahms David Zinman,Brahms: Symphonies 1-4,2016-06-13T13:14:48Z,,,
"Piano Sonata No. 14 in C-Sharp Minor, Op. 27, No. 2 'Moonlight': I. Adagio sostenuto",Ludwig van Beethoven Jonathan Biss,"Beethoven: Piano Sonatas, Vol. 2 - Nos. 4, 14 'Moonlight, 24 &Fantasy in G Minor",2016-06-13T13:14:48Z,,,
"Ouverture dans le style français, BWV 831: V. Sarabande",Johann Sebastian Bach Piotr Anderszewski,"J.S. Bach: Suite française No. 5, Ouverture dans le style français",2016-06-13T13:14:48Z,,,
"Serenade In G Major: Eine Kleine Nachtmusik, K. 525: II. Romance: Andante",Wolfgang Amadeus Mozart The English Concert Andrew Manze,Mozart: Night Music,2016-06-13T13:14:48Z,,,
"Piano Concerto in G Major, M. 83: 2. Adagio assai",Maurice Ravel Yuja Wang Tonhalle Orchester Zürich Lionel Bringuier,Ravel,2016-06-13T13:14:48Z,,,
"Violin Concerto No. 1 in G Minor, Op. 26: II. Adagio",Max Bruch Fabrizio von Arx Christian Benda,Bruch: Violin Concerto No. 1 / De Sarasate: Carmen Fantasy,2016-06-13T13:14:48Z,,,
Massenet: Thaïs: Méditation,Jules Massenet Herbert von Karajan Berliner Philharmoniker,Best of Anne-Sophie Mutter,2016-06-13T13:14:48Z,,,
Première Gymnopédie,Erik Satie Alexandre Tharaud,Satie: Avant-dernières pensées (Bonus Track Version),2016-06-13T13:14:48Z,,,
"Concerto for Piano and Orchestra No. 5 in E-Flat Major, Op. 73: II. Adagio un poco moto - attacca",Ludwig van Beethoven Leif Ove Andsnes Mahler Chamber Orchestra,"The Beethoven Journey - Piano Concerto No.5 ""Emperor"" & Choral Fantasy",2016-06-13T13:14:48Z,,,
"Goldberg Variations, BWV 988: Aria",Johann Sebastian Bach Lars Vogt,"Bach: Goldberg Variations, BWV 988",2016-06-13T13:14:48Z,,,
"Symphony No.9 In E Minor, Op.95, B. 178 ""From The New World"": 2. Largo",Antonín Dvo¿ák Wiener Philharmoniker Herbert von Karajan,"Dvorák: Symphony No.9 ""From the New World"" / Smetana: The Moldau",2016-06-13T13:14:48Z,,,
"Mozart: Serenade No. 13 in G Major, 'Eine kleine Nachtmusik', K. 525: II. Romance (Andante)",Wolfgang Amadeus Mozart Sir Neville Marriner Academy of St. Martin in the Fields,Mozart: Eine Kleine Nachtmusik etc.,2016-06-13T13:14:48Z,,,
Spartacus (1968 Bolshoi version) (arr. Y. Grigorovich): Act III: Adagio of Spartacus and Phrygia,Yuri Grigorovich Aram Khachaturian RIAS Kammerchor Deutsches Symphonie-Orchester Berlin Michail Jurowski,"Khachaturian, A.I.: Spartacus [Ballet]",2016-06-13T13:14:48Z,,,
Suite bergamasque: III. Clair de lune. Andante très expressif,Claude Debussy Alain Planes,"Debussy: Children's Corner, Suite bergamasque, Images",2016-06-13T13:14:48Z,,,
Violin Sonata in A Major: Allegretto poco mosso,César Franck Joshua Bell Jeremy Denk,French Impressions,2016-06-13T13:14:48Z,,,
"Trout Quintet in A, Op. 114 (Die Forelle/La Truite): II. Andante",Franz Schubert Christophe Gaugué Trio Wanderer Stéphane Logerot,"Schubert: ""Trout Quintet"", Op. 114 D 667",2016-06-13T13:14:48Z,,,
"Symphony No.40 In G Minor, K.550 - (2nd Version): 1. Molto Allegro",Wolfgang Amadeus Mozart Les Musiciens du Louvre Marc Minkowski,Mozart: Symphonies Nos. 40 & 41,2016-06-13T13:14:48Z,,,
"Prelude and Fugue in C (WTK, Book I, No.1), BWV 846",Johann Sebastian Bach András Schiff,"Bach 50, The Very Best Of Classical Music",2016-06-13T13:14:48Z,,,
"Adagio for Strings, Op. 11",Samuel Barber Academy of St. Martin in the Fields Sir Neville Marriner,A Classical Holiday Celebration: Easter,2016-06-13T13:14:48Z,,,
Ma vlast (My Fatherland): No. 2. Vltava (Moldau),Bed¿ich Smetana Polish National Radio Symphony Orchestra Antoni Wit,Smetana: Ma Vlast (My Country),2016-06-13T13:14:48Z,,,
All in the Past,Georgs Pel¿cis Martin Fröst Royal Stockholm Philharmonic Orchestra,Roots,2016-06-13T13:14:48Z,,,
"Sospiri, Opus 70",Edward Elgar Paul Goodwin Osian Ellis English Chamber Orchestra,"Elgar: Nursery Suite, Serenade, Dream Children & Other Works",2016-06-13T13:14:48Z,,,
Farewell,Osvaldo Golijov Bucharest Metropolitan Orchestra Radu Popa,Youth Without Youth (Original Motion Picture Soundtrack),2016-06-13T13:14:48Z,,,
"Serenade in E Major for Strings, Op. 22: II. Menuetto",Antonín Dvo¿ák Prague Chamber Orchestra,"Dvo¿ák: Serenade for Strings, Czech Suite",2016-06-13T13:14:48Z,,,
"Piano Concerto No.2 in C minor, Op.18: 2. Adagio sostenuto",Sergei Rachmaninoff Valentina Lisitsa London Symphony Orchestra Michael Francis,Rachmaninov: Piano Concerto No.2,2016-06-13T13:14:48Z,,,
Ein Sommernachtstraum (A Midsummer's Night Dream): I. Ouvertüre,Felix Mendelssohn Orchestre des Champs-Élysées Philippe Herreweghe,Mendelssohn: Ein Sommernachtstraum (A Midsummer's Night Dream),2016-06-13T13:14:48Z,,,
"Bagatelle In A Minor, WoO 59 -""Für Elise"": Poco moto",Ludwig van Beethoven Anatol Ugorski,"Beethoven: Piano Sonata No.32, Op.111; Bagatelles",2016-06-13T13:14:48Z,,,
"An der schönen blauen Donau, Op.314",Johann Strauss II Berliner Philharmoniker Herbert von Karajan,"Strauss, J.: An der schönen blauen Donau (The Blue Danube)",2016-06-13T13:14:48Z,,,
"Ellens Gesang III (""Ave Maria""), Op. 52, No. 6, D. 839",Caffee Concerto,Best Of Schubert,2016-06-13T13:14:48Z,,,
Adagio For Strings And Organ In G Minor,Tomaso Albinoni Wolfgang Meyer Berliner Philharmoniker Herbert von Karajan,Respighi: The Fountains of Rome; The Pines of Rome; Ancient Airs and Dances - Suite III / Boccherini: Quintettino / Albinoni: Adagio in G Minor,2016-06-13T13:14:48Z,,,
"The Planets, Op. 32: II. Venus, the Bringer of Peace",Gustav Holst Lorin Maazel L'Orchestre National de France,"Holst: The Planets, Op. 32, Ravel: Bolero",2016-06-13T13:14:48Z,,,
Sing Me to Sleep,Alan Walker,Sing Me to Sleep,2016-06-18T21:18:58Z,,,
Back 2 U,Steve Aoki Boehm WALK THE MOON,Back 2 U,2016-06-18T21:18:58Z,,,
Magical,Tungevaag & Raaban,Magical,2016-06-18T21:18:58Z,,,
Someone Who Needs Me,Bob Sinclar,Someone Who Needs Me,2016-06-18T21:18:58Z,,,
Bring Back the Summer - Boehm Remix (Radio Edit),Rain Man OLY Boehm,Bring Back the Summer (Remixes Part 1),2016-06-18T21:18:58Z,,,
This Is What You Came For,Calvin Harris Rihanna,This Is What You Came For,2016-06-18T21:18:58Z,,,
Don't Let Me Down,The Chainsmokers Daya,Don't Let Me Down,2016-06-18T21:18:58Z,,,
Forget You,Alex Mattson,Forget You,2016-06-18T21:18:58Z,,,
White Tiger - Marcus Layton Remix,Izzy Bizu Marcus Layton,White Tiger (Remixes),2016-06-18T21:18:58Z,,,
Faded - Tiesto's Deep House Remix,Alan Walker Tiësto,Faded (Remixes),2016-06-18T21:18:58Z,,,
Sex,Cheat Codes Kris Kross Amsterdam,Sex,2016-06-18T21:18:58Z,,,
Aftergold,Big Wild Tove Styrke,Aftergold,2016-06-18T21:18:58Z,,,
The Ocean,Mike Perry Shy Martin,The Ocean,2016-06-18T21:18:58Z,,,
Raging,Kygo Kodaline,Cloud Nine,2016-06-18T21:18:58Z,,,
Final Song,MØ,Final Song,2016-06-18T21:18:58Z,,,
Stay,Kygo Maty Noyes,Cloud Nine,2016-06-18T21:18:58Z,,,
Millionaire,Digital Farm Animals Cash Cash Nelly,Millionaire,2016-06-18T21:18:58Z,,,
Say You Do - Radio Edit,Sigala Imani DJ Fresh,Say You Do (Radio Edit),2016-06-18T21:18:58Z,,,
Surviving,Sondr Joe Cleere,Surviving,2016-06-18T21:18:58Z,,,
Little Swing,AronChupa Little Sis Nora,Little Swing,2016-06-18T21:18:58Z,,,
This Life (Radio Edit),Felguk,This Life,2016-06-21T09:35:38Z,,,
Beautiful Heartbeat - Radio Edit,MORTEN Frida Sundemo,Beautiful Heartbeat,2016-06-18T21:18:58Z,,,
The Girl Is Mine featuring Destiny's Child & Brandy,99 Souls,The Girl Is Mine featuring Destiny's Child & Brandy,2016-06-18T21:18:58Z,,,
Happy Hours,John De Sohn Sigrid Bernson,Happy Hours,2016-06-18T21:18:58Z,,,
Ex's & Oh's,Elle King,Love Stuff,2016-06-18T21:18:58Z,,,
Russian Roulette,Tungevaag & Raaban Charlie Who?,Russian Roulette,2016-06-18T21:18:58Z,,,
Miracles,Martin Jensen Bjørnskov,Miracles,2016-06-18T21:18:58Z,,,
Sweet Lovin' - Radio Edit,Sigala Bryn Christopher,Sweet Lovin',2016-06-18T21:18:58Z,,,
Work This Body,WALK THE MOON,TALKING IS HARD,2016-06-18T21:18:58Z,,,
How Deep Is Your Love - Disciples & Unorthodox Remix,Calvin Harris Disciples Unorthodox,How Deep Is Your Love (Remixes),2016-06-18T21:18:58Z,,,
Mad World - Radio Edit,Hardwell Jake Reese,Mad World,2016-06-18T21:18:58Z,,,
Running - Radio Edit,Dimitri Vangelis & Wyman Ron Carroll,Running,2016-06-18T21:18:58Z,,,
Say My Name - Remix Edit,ODESZA Cedric Gervais Zyra,Say My Name (Remixes),2016-06-18T21:18:58Z,,,
+ 1 - Radio Edit,Martin Solveig SAM WHITE,+ 1,2016-06-18T21:18:58Z,,,
Deeper Love - Radio Edit,Mike Mago,Deeper Love (Radio Edit),2016-06-18T21:18:58Z,,,
Easy Love - Original Mix,Sigala,Easy Love,2016-06-18T21:18:58Z,,,
Off the Hook - Radio Edit,Hardwell Armin van Buuren,Off the Hook,2016-06-18T21:18:58Z,,,
Johnny G (The Guidetti Song),Badpojken,Johnny G (The Guidetti Song),2016-06-18T21:18:58Z,,,
Higher Place,Dimitri Vegas & Like Mike Ne-Yo,Higher Place,2016-06-18T21:18:58Z,,,
Emergency,Icona Pop,Emergency,2016-06-18T21:18:58Z,,,
Hula Hoop,OMI,Hula Hoop,2016-06-18T21:18:58Z,,,
Lean On (feat. MØ & DJ Snake),Major Lazer MØ DJ Snake,Peace Is The Mission,2016-06-18T21:18:58Z,,,
Parade,Tungevaag & Raaban,Parade,2016-06-18T21:18:58Z,,,
Intoxicated - New Radio Mix,Martin Solveig GTA,Intoxicated,2016-06-18T21:18:58Z,,,
Waiting For Love,Avicii,Waiting For Love,2016-06-18T21:18:58Z,,,
Night After Night - Radio Edit,Martin Jensen,Night After Night (Radio Edit),2016-06-18T21:18:58Z,,,
Five More Hours - Deorro x Chris Brown,Deorro Chris Brown,Five More Hours,2016-06-18T21:18:58Z,,,
Another You - Radio Edit,Armin van Buuren Mr. Probz,Another You,2016-06-18T21:18:58Z,,,
Nothing Really Matters - Afrojack Remix Radio Edit,Mr. Probz,Nothing Really Matters (Afrojack Remix Radio Edit),2016-06-18T21:18:58Z,,,
Samsara,Tungevaag & Raaban Emila,Samsara,2016-06-18T21:18:58Z,,,
Robot Rock / Oh Yeah,Daft Punk,Alive 2007,2014-01-17T03:09:10Z,,,
Touch It / Technologic,Daft Punk,Alive 2007,2014-01-17T03:09:10Z,,,
Television Rules The Nation / Crescendolls,Daft Punk,Alive 2007,2014-01-17T03:09:10Z,,,
Too Long / Steam Machine,Daft Punk,Alive 2007,2014-01-17T03:09:10Z,,,
"Around The World / Harder, Better, Faster, Stronger",Daft Punk,Alive 2007,2014-01-17T03:09:10Z,,,
Burnin' / Too Long,Daft Punk,Alive 2007,2014-01-17T03:09:10Z,,,
Face to Face / Short Circuit,Daft Punk,Alive 2007,2014-01-17T03:09:10Z,,,
One More Time / Aerodynamic / Aerodynamic Beats / Forget About the World,Daft Punk,Alive 2007,2014-01-17T03:09:10Z,,,
The Prime Time of Your Life / The Brainwasher / Rollin' & Scratchin' / Alive,Daft Punk,Alive 2007,2014-01-17T03:09:10Z,,,
Da Funk / Daftendirekt,Daft Punk,Alive 2007,2014-01-17T03:09:10Z,,,
Superheroes / Human After All / Rock'n Roll,Daft Punk,Alive 2007,2014-01-17T03:09:10Z,,,
Encore - Human After All / Together - Together / One More Time (reprise) / Stardust - Music Sounds Better with You,Daft Punk,Alive 2007 Bonus Disc,2014-01-17T03:09:10Z,,,
No Scrubs,TLC,Fanmail,2016-05-12T21:38:21Z,,,
Two Princes,Spin Doctors,Pocket Full Of Kryptonite,2016-05-12T21:38:21Z,,,
Say My Name,Destiny's Child Maurice Joshua,The Writing's On The Wall,2016-05-12T21:38:21Z,,,
My Boo - Hitman's Club Mix,Ghost Town DJs,So So Def Bass All-Stars,2016-05-12T21:38:21Z,,,
Gettin' Jiggy Wit It,Will Smith,Big Willie Style,2016-05-12T21:38:21Z,,,
Wannabe - Radio Edit,Spice Girls,Spice,2016-05-12T21:38:21Z,,,
I Want It That Way,Backstreet Boys,The New Best Of (All Hits & Remixes) 2016,2016-06-13T19:36:03Z,,,
...Baby One More Time,Britney Spears,Greatest Hits: My Prerogative,2016-05-12T21:38:21Z,,,
Black or White - Single Version,Michael Jackson,The Essential Michael Jackson,2016-05-12T21:38:21Z,,,
Always Be My Baby,Mariah Carey,#1 to Infinity,2016-05-12T21:38:21Z,,,
Doo Wop (That Thing),Ms. Lauryn Hill,The Miseducation of Lauryn Hill,2016-05-12T21:38:21Z,,,
Smooth,Santana Rob Thomas,Supernatural (Remastered),2016-05-12T21:38:21Z,,,
Genie In A Bottle (Album Version),Christina Aguilera,Come On Over Baby/Genie In A Bottle,2016-05-12T21:38:21Z,,,
Pony,Ginuwine,Ginuwine... The Bachelor,2016-05-12T21:38:21Z,,,
Jump,Kris Kross,Totally Krossed Out,2016-05-12T21:38:21Z,,,
I Don't Want to Miss a Thing,Aerosmith,Armageddon - The Album,2016-05-12T21:38:21Z,,,
Torn,Natalie Imbruglia,Torn/Wishing I Was There,2016-05-12T21:38:21Z,,,
Crash into Me,Dave Matthews Band,Crash,2016-05-12T21:38:21Z,,,
Meet Virginia,Train,Train,2016-05-12T21:38:21Z,,,
Pretty Fly (For a White Guy),The Offspring,Americana,2016-05-12T21:38:21Z,,,
Drive,Incubus,The Essential Incubus,2016-05-12T21:38:21Z,,,
Criminal,Fiona Apple,Tidal,2016-05-12T21:38:21Z,,,
If I Ruled the World (Imagine That),Nas Ms. Lauryn Hill,It Was Written,2016-05-12T21:38:21Z,,,
I Try,Macy Gray,Macy Gray On How Life Is,2016-05-12T21:38:21Z,,,
You Oughta Know,Alanis Morissette,The Collection (Standard Edition),2016-05-12T21:38:21Z,,,
Santeria,Sublime,Sublime (Explicit Version),2016-05-12T21:38:21Z,,,
Everlong,Foo Fighters,Greatest Hits,2016-05-12T21:38:21Z,,,
Lovefool - Radio Edit,The Cardigans,First Band On The Moon,2016-05-12T21:38:21Z,,,
Bump n' Grind,R. Kelly,The R. In R&B Collection: Volume 1,2016-05-12T21:38:21Z,,,
Tearin' up My Heart - Radio Edit,*NSYNC,N Sync,2016-05-12T21:38:21Z,,,
Killing Me Softly with His Song,Fugees,Playlist: The Very Best of Fugees,2016-05-12T21:38:21Z,,,
No Diggity,Blackstreet Dr. Dre Queen Pen,Another Level,2016-05-12T21:38:21Z,,,
Fantasy,Mariah Carey,Daydream,2016-05-12T21:38:21Z,,,
Steal My Sunshine,LEN,You Can't Stop The Bum Rush,2016-05-12T21:38:21Z,,,
My Name Is,Eminem,The Slim Shady LP (Explicit),2016-05-12T21:38:21Z,,,
"Jumpin', Jumpin'",Destiny's Child,The Writing's On The Wall,2016-05-12T21:38:21Z,,,
Thunderstruck,AC/DC,The Razors Edge,2016-05-12T21:38:21Z,,,
You Make Me Wanna...,Usher,90 Sweet 90s Hits!,2016-05-12T21:38:21Z,,,
The River of Dreams,Billy Joel,River Of Dreams,2016-05-12T21:38:21Z,,,
Alive,Pearl Jam,Ten,2016-05-12T21:38:21Z,,,
Gonna Make You Sweat (Everybody Dance Now),C & C Music Factory,Super Hits,2016-05-12T21:38:21Z,,,
Livin' la Vida Loca,Ricky Martin,Ricky Martin,2016-05-12T21:38:21Z,,,
Waterfalls,TLC,Crazysexycool,2016-05-12T21:38:21Z,,,
Ms. Jackson,OutKast,Stankonia,2016-05-12T21:38:21Z,,,
Truly Madly Deeply,Savage Garden,Truly Madly Completely - The Best of Savage Garden,2016-05-12T21:38:21Z,,,
Un-Break My Heart,Toni Braxton,Platinum & Gold Collection,2016-05-12T21:38:21Z,,,
Song 2 - 2012 Remastered Version,Blur,Blur [Special Edition],2016-05-12T21:38:21Z,,,
The Sign,Ace of Base,Happy Nation (U.S. Version),2016-05-12T21:38:21Z,,,
I Will Always Love You,Whitney Houston,Whitney The Greatest Hits,2016-05-12T21:38:21Z,,,
All I Wanna Do,Sheryl Crow,Tuesday Night Music Club,2016-05-12T21:38:21Z,,,
So Much to Say,Dave Matthews Band,Crash,2016-05-12T21:38:21Z,,,
Jump Around,House Of Pain,House Of Pain (US Release),2016-05-12T21:38:21Z,,,
"Bills, Bills, Bills",Destiny's Child,The Writing's On The Wall,2016-05-12T21:38:21Z,,,
My Own Worst Enemy,Lit,A Place In The Sun,2016-05-12T21:38:21Z,,,
Buddy Holly,Weezer,Weezer (Deluxe Edition),2016-05-12T21:38:21Z,,,
The Distance,Cake,Fashion Nugget,2016-05-12T21:38:21Z,,,
Intergalactic - 2009 Digital Remaster,Beastie Boys,Hello Nasty (Deluxe Version) [Remastered],2016-05-12T21:38:21Z,,,
Got the Life,Korn,The Essential Korn,2016-05-12T21:38:21Z,,,
Freedom! '90,George Michael,Listen Without Prejudice Vol. 1,2016-05-12T21:38:21Z,,,
Learn to Fly,Foo Fighters,Greatest Hits,2016-05-12T21:38:21Z,,,
Smells Like Teen Spirit,Nirvana,Nevermind (Remastered),2016-05-12T21:38:21Z,,,
Bulls On Parade,Rage Against The Machine,Evil Empire,2016-05-12T21:38:21Z,,,
Standing Outside a Broken Phone Booth with Money in My Hand,Primitive Radio Gods,Rocket,2016-05-12T21:38:21Z,,,
Mambo No. 5 (A Little Bit of...),Lou Bega,A Little Bit Of Mambo,2016-05-12T21:38:21Z,,,
All I Want,Toad The Wet Sprocket,fear,2016-05-12T21:38:21Z,,,
Lullaby,Shawn Mullins,Soul's Core,2016-05-12T21:38:21Z,,,
Men in Black,Will Smith,Big Willie Style,2016-05-12T21:38:21Z,,,
Poison,Bell Biv DeVoe,20th Century Masters: The Millennium Collection: Best of Bel Biv DeVoe,2016-05-12T21:38:21Z,,,
Even Flow,Pearl Jam,rearviewmirror (greatest hits 1991-2003),2016-05-12T21:38:21Z,,,
Fu-Gee-La,Fugees,Greatest Hits,2016-05-12T21:38:21Z,,,
What a Girl Wants,Christina Aguilera,Christina Aguilera,2016-05-12T21:38:21Z,,,
Under The Bridge,Red Hot Chili Peppers,Greatest Hits,2016-05-12T21:38:21Z,,,
I Believe I Can Fly,R. Kelly,The R. In R&B Collection: Volume 1,2016-05-12T21:38:21Z,,,
Everybody (Backstreet's Back) - Radio Edit,Backstreet Boys,The New Best Of (All Hits & Remixes) 2016,2016-06-13T19:36:42Z,,,
Cherry Pie,Warrant,Cherry Pie,2016-05-12T21:38:21Z,,,
Step by Step,New Kids On The Block,Step By Step,2016-05-12T21:38:21Z,,,
(You Drive Me) Crazy,Britney Spears,Baby One More Time,2016-05-12T21:38:21Z,,,
Tubthumping,Chumbawamba,Tubthumper,2016-05-12T21:38:21Z,,,
Loser,Beck,Mellow Gold (Explicit Version),2016-05-12T21:38:21Z,,,
"My Heart Will Go On - Love Theme from ""Titanic""",Céline Dion,My Love Essential Collection,2016-05-12T21:38:21Z,,,
Semi-Charmed Life - 2006 Remastered Version,Third Eye Blind,A Collection,2016-05-12T21:38:21Z,,,
Waiting for Tonight,Jennifer Lopez Richie Jones,Dance Again...The Hits,2016-05-12T21:38:21Z,,,
I Want You Back - Radio Edit,*NSYNC,Greatest Hits,2016-05-12T21:38:21Z,,,
Cowboy Take Me Away,Dixie Chicks,Fly,2016-05-12T21:38:21Z,,,
Little Miss Can't Be Wrong,Spin Doctors,Pocket Full Of Kryptonite (Anniversary Edition),2016-05-12T21:38:21Z,,,
The Kids Aren't Alright,The Offspring,Americana,2016-05-12T21:38:21Z,,,
California Love - Original Mix (Explicit),2Pac Roger Dr. Dre,The Best of 2Pac - Pt. 1: Thug (EXPLICIT),2016-05-12T21:38:21Z,,,
Enter Sandman,Metallica,Metallica,2016-05-12T21:38:21Z,,,
Things That Make You Go Hmmmm....,C & C Music Factory Freedom Williams,Super Hits,2016-05-12T21:38:21Z,,,
Closer,Nine Inch Nails,The Downward Spiral (Explicit Version),2016-05-12T21:38:21Z,,,
Miami,Will Smith,Big Willie Style,2016-05-12T21:38:21Z,,,
Creep,TLC,Crazysexycool,2016-05-12T21:38:21Z,,,
Remember the Time,Michael Jackson,Dangerous,2016-05-12T21:38:21Z,,,
Thong Song,Sisqo,Unleash The Dragon (Explicit),2016-05-12T21:38:21Z,,,
What Is Love - Radio Edit,Haddaway,What Is Love (Reloaded),2016-05-12T21:38:21Z,,,
Man! I Feel Like A Woman!,Shania Twain,Greatest Hits,2016-05-12T21:38:21Z,,,
Creep,Radiohead,The Best Of,2016-05-12T21:38:21Z,,,
One Week,Barenaked Ladies,Stunt,2016-05-12T21:38:21Z,,,
Big Poppa,The Notorious B.I.G.,Greatest Hits,2016-05-12T21:38:21Z,,,
I'm Your Baby Tonight,Whitney Houston,I Will Always Love You: The Best Of Whitney Houston,2016-05-12T21:38:21Z,,,
SexyBack,Justin Timberlake Timbaland,FutureSex/LoveSounds,2015-07-26T23:13:31Z,,,
Crazy - single version,Gnarls Barkley,Crazy,2015-07-26T23:13:31Z,,,
Single Ladies (Put a Ring on It),Beyoncé,Single Ladies (Put A Ring On It) - Dance Remixes,2015-07-26T23:13:31Z,,,
SOS,Rihanna,A Girl Like Me (UK),2015-07-26T23:13:31Z,,,
Hollaback Girl,Gwen Stefani,Love Angel Music Baby,2015-07-26T23:13:31Z,,,
Disparate Youth,Santigold,Master of My Make-Believe,2015-07-26T23:13:31Z,,,
Hips Don't Lie,Shakira Wyclef Jean,Oral Fixation Vol. 2,2015-07-26T23:13:31Z,,,
Bleeding Love,Leona Lewis,Spirit,2015-07-26T23:13:31Z,,,
I Kissed a Girl,Katy Perry,One Of The Boys,2015-07-26T23:13:31Z,,,
Gold Digger,Kanye West Jamie Foxx,Late Registration (Explicit Version),2015-07-26T23:13:31Z,,,
Bad Girls,M.I.A.,Matangi,2015-07-26T23:13:31Z,,,
Mr. Brightside,The Killers,Mr Brightside,2015-07-26T23:13:31Z,,,
Move Along,The All-American Rejects,Move Along (International Version),2015-07-26T23:13:31Z,,,
Dani California,Red Hot Chili Peppers,Stadium Arcadium (U.S. Version),2015-07-26T23:13:31Z,,,
How to Save a Life,The Fray,How To Save A Life,2015-07-26T23:13:31Z,,,
Dirty Little Secret,The All-American Rejects,Move Along (International Version),2015-07-26T23:13:31Z,,,
Big Girls Don't Cry (Personal),Fergie,Songs About Love (UMGI Version),2015-07-26T23:13:31Z,,,
Rich Girl,Gwen Stefani Eve,Love Angel Music Baby,2015-07-26T23:13:31Z,,,
"One, Two Step",Ciara Missy Elliott,Goodies,2015-07-26T23:13:31Z,,,
Stronger,Kanye West,Stronger (Int'l 2 trk),2015-07-26T23:13:31Z,,,
Viva La Vida,Coldplay,Viva La Vida Or Death And All His Friends,2015-07-26T23:13:31Z,,,
Pon De Replay,Rihanna,Music Of The Sun (UK),2015-07-26T23:13:31Z,,,
Since U Been Gone,Kelly Clarkson,Breakaway,2015-07-26T23:13:31Z,,,
"Sugar, We're Goin Down",Fall Out Boy,From Under The Cork Tree,2015-07-26T23:13:31Z,,,
I Write Sins Not Tragedies,Panic! At The Disco,A Fever You Can't Sweat Out,2015-07-26T23:13:31Z,,,
Don't Cha,The Pussycat Dolls Busta Rhymes,PCD (Revised UK Version),2015-07-26T23:13:31Z,,,
Umbrella,Rihanna JAY Z,Good Girl Gone Bad,2015-07-26T23:13:31Z,,,
Don't Phunk With My Heart,The Black Eyed Peas,Monkey Business (International Version),2015-07-26T23:13:31Z,,,
Drop It Like It's Hot,Snoop Dogg Pharrell Williams,Drop It Like It's Hot (International Version),2015-07-26T23:13:31Z,,,
Feel Good Inc,Gorillaz,Demon Days,2015-07-26T23:13:31Z,,,
Bad Day,Daniel Powter,Bad Day,2015-07-26T23:13:31Z,,,
Unwritten,Natasha Bedingfield,Unwritten,2015-07-26T23:13:31Z,,,
My Humps,The Black Eyed Peas,Monkey Business (International Version),2015-07-26T23:13:31Z,,,
Ridin' Dirty (feat. Chamillionaire),Chamillionaire,Everybody Wants A Thug,2015-07-26T23:13:31Z,,,
Holiday/Boulevard Of Broken Dreams,Green Day,American Idiot (Regular Edition),2015-07-26T23:13:31Z,,,
Over And Over - Album Version / Explicit,Nelly Tim McGraw,Suit (Explicit Version),2015-07-26T23:13:31Z,,,
Promiscuous,Nelly Furtado Timbaland,The Best of Nelly Furtado (International Version),2015-07-26T23:13:31Z,,,
You're Beautiful,James Blunt,Back To Bedlam,2015-07-26T23:13:31Z,,,
Be Without You - Live,Mary J. Blige,Enough Cryin' (UK Version),2015-07-26T23:13:31Z,,,
Over My Head (Cable Car),The Fray,Over My Head (Cable Car),2015-07-26T23:13:31Z,,,
Buttons,The Pussycat Dolls,Pop Princess,2015-07-26T23:13:31Z,,,
Chasing Cars,Snow Patrol,Chasing Cars (International Maxi),2015-07-26T23:13:31Z,,,
Ain't No Other Man,Christina Aguilera,Back To Basics,2015-07-26T23:13:31Z,,,
Irreplaceable,Beyoncé,B'Day Deluxe Edition,2015-07-26T23:13:31Z,,,
The Sweet Escape,Gwen Stefani Akon,The Sweet Escape (International Version),2015-07-26T23:13:31Z,,,
Before He Cheats,Carrie Underwood,Some Hearts,2015-07-26T23:13:31Z,,,
Crank That (Soulja Boy),Soulja Boy,Crank That (Soulja Boy),2015-07-26T23:13:31Z,,,
My Love,Justin Timberlake T.I.,FutureSex/LoveSounds,2015-07-26T23:13:31Z,,,
Low (feat T-Pain),Flo Rida T-Pain,Mail On Sunday,2015-07-26T23:13:31Z,,,
No One,Alicia Keys,As I Am - The Super Edition,2015-07-26T23:13:31Z,,,
Love Song,Sara Bareilles,Little Voice,2015-07-26T23:13:31Z,,,
Disturbia,Rihanna,Good Girl Gone Bad,2015-07-26T23:13:31Z,,,
Boom Boom Pow,The Black Eyed Peas,Boom Boom Pow,2015-07-26T23:13:31Z,,,
Poker Face,Lady Gaga,The Fame Monster (UK Deluxe),2015-07-26T23:13:31Z,,,
Gives You Hell,The All-American Rejects,When The World Comes Down (International Version),2015-07-26T23:13:31Z,,,
Use Somebody,Kings of Leon,Only By The Night,2015-07-26T23:13:31Z,,,
I Know You Want Me (Calle Ocho),Pitbull,Pitbull Starring In Rebelution,2015-07-26T23:13:31Z,,,
Halo,Beyoncé,I AM...SASHA FIERCE,2015-07-26T23:13:31Z,,,
Hot N Cold,Katy Perry,Hot N Cold,2015-07-26T23:13:31Z,,,
Party In The U.S.A.,Miley Cyrus,Party In The U.S.A.,2015-07-26T23:13:31Z,,,
TiK ToK,Kesha,Animal + Cannibal (Deluxe Edition),2015-07-26T23:13:31Z,,,
Need You Now,Lady Antebellum,Need You Now,2015-07-26T23:13:31Z,,,
"Hey, Soul Sister",Train,"Hey, Soul Sister",2015-07-26T23:13:31Z,,,
OMG,Usher will.i.am,Raymond v Raymond,2015-07-26T23:13:31Z,,,
Love The Way You Lie,Eminem Rihanna,Recovery (Explicit Version),2015-07-26T23:13:31Z,,,
I Like It,Enrique Iglesias Pitbull,Euphoria (Standard US/Latin version),2015-07-26T23:13:31Z,,,
Just The Way You Are,Bruno Mars,Just The Way You Are,2015-07-26T23:13:31Z,,,
Rolling in the Deep,Adele,Rolling In The Deep,2015-07-26T23:13:31Z,,,
Grenade,Bruno Mars,Doo-Wops & Hooligans,2015-07-26T23:13:31Z,,,
Super Bass,Nicki Minaj,Pink Friday,2015-07-26T23:13:31Z,,,
Moves Like Jagger - Studio Recording From The Voice Performance,Maroon 5 Christina Aguilera,Hands All Over,2015-07-26T23:13:31Z,,,
Pumped up Kicks,Foster The People,Torches,2015-07-26T23:13:31Z,,,
Till the World Ends,Britney Spears,Femme Fatale (Deluxe Version),2015-07-26T23:13:31Z,,,
Tonight Tonight,Hot Chelle Rae,Whatever,2015-07-26T23:13:31Z,,,
If I Die Young,The Band Perry,The Band Perry,2015-07-26T23:13:31Z,,,
Stereo Hearts (feat. Adam Levine),Gym Class Heroes Adam Levine,The Papercut Chronicles II,2015-07-26T23:13:31Z,,,
Somebody That I Used To Know,Gotye Kimbra,Making Mirrors,2015-07-26T23:13:31Z,,,
Call Me Maybe,Carly Rae Jepsen,Call Me Maybe,2015-07-26T23:13:31Z,,,
Payphone,Maroon 5 Wiz Khalifa,Payphone,2015-07-26T23:13:31Z,,,
Glad You Came,The Wanted,Glad You Came,2015-07-26T23:13:31Z,,,
Stronger (What Doesn't Kill You),Kelly Clarkson,Stronger (Deluxe Version),2015-07-26T23:13:31Z,,,
Wild Ones (feat. Sia),Flo Rida Sia,Wild Ones (feat. Sia),2015-07-26T23:13:31Z,,,
Everybody Talks,Neon Trees,Everybody Talks,2015-07-26T23:13:31Z,,,
I Won't Give Up,Jason Mraz,I Won't Give Up,2015-07-26T23:13:31Z,,,
Get Lucky - Radio Edit,Daft Punk Pharrell Williams Nile Rodgers,Get Lucky,2015-07-26T23:13:31Z,,,
Radioactive,Imagine Dragons,Hear Me EP,2015-07-26T23:13:31Z,,,
Cruise - Remix,Florida Georgia Line Nelly,Cruise (Remix),2015-07-26T23:13:31Z,,,
Can't Hold Us - feat. Ray Dalton,Macklemore & Ryan Lewis,The Heist,2015-07-26T23:13:31Z,,,
Mirrors,Justin Timberlake,Mirrors,2015-07-26T23:13:31Z,,,
Come & Get It,Selena Gomez,Come & Get It,2015-07-26T23:13:31Z,,,
Just Give Me a Reason,P!nk Nate Ruess,The Truth About Love,2015-07-26T23:13:31Z,,,
The Way,Ariana Grande Mac Miller,The Way,2015-07-26T23:13:31Z,,,
I Love It (feat. Charli XCX) - Original Version,Icona Pop Charli XCX,I Love It,2015-07-26T23:13:31Z,,,